id_bem,identifica,co_iphan,no_logrado,nu_logrado,id_naturez,ds_naturez,codigo_iph,id_classif,ds_classif,id_tipo_be,ds_tipo_be,sg_tipo_be,sintese_be,dt_cadastr
11830,Enseada,TO1703701BAST00001,Fazenda Mandala,,3,Bem Arqueológico,BA,286,Sem classificação,4,Sítio,ST,,2019/05/10
12029,Fortaleza,TO1707553BAST00001,Fazenda Fortaleza,,3,Bem Arqueológico,BA,286,Sem classificação,4,Sítio,ST,,2019/05/10
12042,Dona Santina,TO1708254BAST00001,Fazenda Santa Rita,,3,Bem Arqueológico,BA,286,Sem classificação,4,Sítio,ST,,2019/05/10
12187,Das Viúvas,TO1713205BAST00004,Fazenda Bom Jesus/Fazenda Santa Marta,,3,Bem Arqueológico,BA,286,Sem classificação,4,Sítio,ST,,2019/05/10
12185,Nova Olinda,TO1713205BAST00002,Sem localidade,,3,Bem Arqueológico,BA,286,Sem classificação,4,Sítio,ST,,2019/05/10
12186,Santa Luzia,TO1713205BAST00003,Faz. Sítio Novo,,3,Bem Arqueológico,BA,286,Sem classificação,4,Sítio,ST,,2019/05/10
12190,Reis,TO1713205BAST00007,Fazenda Santo Antônio,,3,Bem Arqueológico,BA,286,Sem classificação,4,Sítio,ST,,2019/05/10
12191,São Jorge,TO1713205BAST00008,Fazenda Retiro,,3,Bem Arqueológico,BA,286,Sem classificação,4,Sítio,ST,,2019/05/10
12192,Sítio Suçuapara,TO1713205BAST00009,Fazendas: Suçuapara e Lagoa dos Patos,,3,Bem Arqueológico,BA,286,Sem classificação,4,Sítio,ST,,2019/05/10
12210,Seu Nego,TO1715002BAST00001,Fazenda São João,,3,Bem Arqueológico,BA,286,Sem classificação,4,Sítio,ST,,2019/05/10
12211,Divino,TO1715002BAST00002,Fazenda Sítio Novo,,3,Bem Arqueológico,BA,286,Sem classificação,4,Sítio,ST,,2019/05/10
12212,São Bento,TO1715002BAST00003,Fazenda São Bento,,3,Bem Arqueológico,BA,286,Sem classificação,4,Sítio,ST,,2019/05/10
12213,Bruno,TO1715002BAST00004,Chácara Campo Alegre,,3,Bem Arqueológico,BA,286,Sem classificação,4,Sítio,ST,,2019/05/10
12215,Perdizes I,TO1715002BAST00006,Chácaras Sonho meu e Beija flor,,3,Bem Arqueológico,BA,286,Sem classificação,4,Sítio,ST,,2019/05/10
12216,Perdizes II,TO1715002BAST00007,Fazenda União,,3,Bem Arqueológico,BA,286,Sem classificação,4,Sítio,ST,,2019/05/10
12217,PEBA,TO1715002BAST00008,Faz. Asa Norte,,3,Bem Arqueológico,BA,286,Sem classificação,4,Sítio,ST,,2019/05/10
12427,Pedra da Onça,TO1718709BAST00007,Fazenda Pedra da Onça,,3,Bem Arqueológico,BA,286,Sem classificação,4,Sítio,ST,,2019/05/10
12398,Presidente Kennedy 1,TO1718402BAST00001,Sem localidade,,3,Bem Arqueológico,BA,286,Sem classificação,4,Sítio,ST,,2019/05/10
12403,São Felipe,TO1718451BAST00001,Fazenda São Joaquim e Fortaleza,,3,Bem Arqueológico,BA,286,Sem classificação,4,Sítio,ST,,2019/05/10
12422,Gorgulho I,TO1718709BAST00002,Fazenda Palmeiras,,3,Bem Arqueológico,BA,286,Sem classificação,4,Sítio,ST,,2019/05/10
12423,Gorgulho II,TO1718709BAST00003,Fazenda Palmeiras,,3,Bem Arqueológico,BA,286,Sem classificação,4,Sítio,ST,,2019/05/10
12424,BICO DE BRASA,TO1718709BAST00004,FAZENDA CACHOEIRINHA,,3,Bem Arqueológico,BA,286,Sem classificação,4,Sítio,ST,,2019/05/10
12425,Sucuri I,TO1718709BAST00005,Fazanda Sucuri,,3,Bem Arqueológico,BA,286,Sem classificação,4,Sítio,ST,,2019/05/10
12426,Sucuri II,TO1718709BAST00006,Fazenda Sucuri,,3,Bem Arqueológico,BA,286,Sem classificação,4,Sítio,ST,,2019/05/10
12451,Cristo Rei,TO1718899BAST00001,Chácara Cristo Rei,,3,Bem Arqueológico,BA,286,Sem classificação,4,Sítio,ST,,2019/05/10
33557,Ruinas do Padre Gama 4,TO1713601BAST00004,,,3,Bem Arqueológico,BA,40,Histórico,4,Sítio,ST,"Sediado no sopé da Serra do Carmo, As Ruinas do Padre Gama é um conjunto estruturas formando um grande complexo de garimpo por volta de 1780 com a chegada do Padre Gama.",2021/07/13
12873,Rio Bezerra III,TO1702406BAST00002,Sem localidade,,3,Bem Arqueológico,BA,286,Sem classificação,4,Sítio,ST,,2019/05/10
12874,Mundo Novo IV,TO1702406BAST00003,Fazenda Mundo Novo,,3,Bem Arqueológico,BA,286,Sem classificação,4,Sítio,ST,,2019/05/10
12889,Barra do Dia IV,TO1702406BAST00018,Fazenda Barra do Dia.,,3,Bem Arqueológico,BA,286,Sem classificação,4,Sítio,ST,,2019/05/10
12875,Mundo Novo III,TO1702406BAST00004,Sem localidade,,3,Bem Arqueológico,BA,286,Sem classificação,4,Sítio,ST,,2019/05/10
12876,Mundo Novo II,TO1702406BAST00005,Fazenda Mundo Novo,,3,Bem Arqueológico,BA,286,Sem classificação,4,Sítio,ST,,2019/05/10
12877,Mundo Novo I,TO1702406BAST00006,Fazenda Mundo Novo,,3,Bem Arqueológico,BA,286,Sem classificação,4,Sítio,ST,,2019/05/10
12878,Fazenda São Mateus III,TO1702406BAST00007,Fazenda São Mateus,,3,Bem Arqueológico,BA,286,Sem classificação,4,Sítio,ST,,2019/05/10
12879,Juscelino I,TO1702406BAST00008,Barra do Dia,,3,Bem Arqueológico,BA,286,Sem classificação,4,Sítio,ST,,2019/05/10
12881,Rio Bezerra II,TO1702406BAST00010,Não identificada.,,3,Bem Arqueológico,BA,286,Sem classificação,4,Sítio,ST,,2019/05/10
12882,Fazenda Coité,TO1702406BAST00011,Fazenda Coité.,,3,Bem Arqueológico,BA,286,Sem classificação,4,Sítio,ST,,2019/05/10
12883,São Bento II,TO1702406BAST00012,São Bento,,3,Bem Arqueológico,BA,286,Sem classificação,4,Sítio,ST,,2019/05/10
12884,Fazenda Furnas,TO1702406BAST00013,Fazenda Furnas.,,3,Bem Arqueológico,BA,286,Sem classificação,4,Sítio,ST,,2019/05/10
12885,Fazenda São Mateus II,TO1702406BAST00014,Fazenda São Mateus.,,3,Bem Arqueológico,BA,286,Sem classificação,4,Sítio,ST,,2019/05/10
12886,Córrego Poção III,TO1702406BAST00015,Fazenda Gaúcho.,,3,Bem Arqueológico,BA,286,Sem classificação,4,Sítio,ST,,2019/05/10
12887,Córrego Poção II,TO1702406BAST00016,Fazenda Gaúcho.,,3,Bem Arqueológico,BA,286,Sem classificação,4,Sítio,ST,,2019/05/10
12888,Córrego Poção I,TO1702406BAST00017,Fazenda Gaúcho.,,3,Bem Arqueológico,BA,286,Sem classificação,4,Sítio,ST,,2019/05/10
12890,São Bento I,TO1702406BAST00019,São Bento,,3,Bem Arqueológico,BA,286,Sem classificação,4,Sítio,ST,,2019/05/10
12891,Juscelino II,TO1702406BAST00020,Barra do Dia,,3,Bem Arqueológico,BA,286,Sem classificação,4,Sítio,ST,,2019/05/10
12892,Córrego Poção V,TO1702406BAST00021,Fazenda Gaúcho.,,3,Bem Arqueológico,BA,286,Sem classificação,4,Sítio,ST,,2019/05/10
15833,Sitio Fazenda Macedônia 01,TO1703206BAST00001,Fazenda Macedônia,,3,Bem Arqueológico,BA,286,Sem classificação,4,Sítio,ST,,2019/05/10
15956,Sítio Surubim 01,TO1707207BAST00002,Sem localidade,,3,Bem Arqueológico,BA,286,Sem classificação,4,Sítio,ST,,2019/05/10
15957,Sítio Primavera 01,TO1707207BAST00003,Sem localidade,,3,Bem Arqueológico,BA,286,Sem classificação,4,Sítio,ST,,2019/05/10
15958,Sítio Arqueológico Alegria 01,TO1707207BAST00004,Sem localidade,,3,Bem Arqueológico,BA,286,Sem classificação,4,Sítio,ST,,2019/05/10
15959,Sítio Arqueológico Santa Rita 01,TO1707207BAST00005,Sem localidade,,3,Bem Arqueológico,BA,286,Sem classificação,4,Sítio,ST,,2019/05/10
15960,Sítio Arqueológico Babaçu 01,TO1707207BAST00006,Sem localidade,,3,Bem Arqueológico,BA,286,Sem classificação,4,Sítio,ST,,2019/05/10
15961,Sítio Arqueológico Morrinho 01,TO1707207BAST00007,Fazenda Alegria,,3,Bem Arqueológico,BA,286,Sem classificação,4,Sítio,ST,,2019/05/10
15962,Sítio Vale Verde 01,TO1707207BAST00008,Sem localidade,,3,Bem Arqueológico,BA,286,Sem classificação,4,Sítio,ST,,2019/05/10
15963,Toca do Gorgulho,TO1707207BAST00009,Sem localidade,,3,Bem Arqueológico,BA,286,Sem classificação,4,Sítio,ST,,2019/05/10
15967,Sítio Arqueológico Fazenda Babailônia 1,TO1707306BAST00001,Fazenda Babilônia,,3,Bem Arqueológico,BA,286,Sem classificação,4,Sítio,ST,,2019/05/10
15968,Sítio 1072 1,TO1707306BAST00002,Sem localidade,,3,Bem Arqueológico,BA,286,Sem classificação,4,Sítio,ST,,2019/05/10
15969,Sítio Arqueológico Torre 10772,TO1707306BAST00003,Sem localidade,,3,Bem Arqueológico,BA,286,Sem classificação,4,Sítio,ST,,2019/05/10
15970,Sítio Arqueológico Fazenda Babilônnia 4,TO1707306BAST00004,Fazenda Babilônia,,3,Bem Arqueológico,BA,286,Sem classificação,4,Sítio,ST,,2019/05/10
15971,Sítio Arqueológico Fazenda Babilônia 3,TO1707306BAST00005,Fazenda Babilônia,,3,Bem Arqueológico,BA,286,Sem classificação,4,Sítio,ST,,2019/05/10
15972,Sítio Arqueológico Fazenda Babailônia 2,TO1707306BAST00006,Fazenda Babilônia,,3,Bem Arqueológico,BA,286,Sem classificação,4,Sítio,ST,,2019/05/10
15973,Sítio ArqueológicoTorre 1069/2,TO1707306BAST00007,Rodovia TO 374,,3,Bem Arqueológico,BA,286,Sem classificação,4,Sítio,ST,,2019/05/10
15974,Sítio Arqueologico Chácara Abraão,TO1707306BAST00008,Fazenda Babilônia,,3,Bem Arqueológico,BA,286,Sem classificação,4,Sítio,ST,,2019/05/10
16020,Sítio Arqueológico V1-46,TO1711803BAST00001,Sem localidade,,3,Bem Arqueológico,BA,286,Sem classificação,4,Sítio,ST,,2019/05/10
16021,Sítio Arqueológico V1 45-B,TO1711803BAST00002,Sem localidade,,3,Bem Arqueológico,BA,286,Sem classificação,4,Sítio,ST,,2019/05/10
16058,Sítio Arqueológico Monte Santo 01,TO1713700BAST00001,Barrolândia,,3,Bem Arqueológico,BA,286,Sem classificação,4,Sítio,ST,,2019/05/10
16103,Valadares,TO1715507BAST00002,Chácara dos Mangues,,3,Bem Arqueológico,BA,286,Sem classificação,4,Sítio,ST,,2019/05/10
16111,Abrigo do Limpão,TO1721000BAST00022,"Zona Rural de Palmas, nas cercanias da Parque Estadual do Lajeado.",,3,Bem Arqueológico,BA,286,Sem classificação,4,Sítio,ST,,2019/05/10
16135,Sitio Arqueológico Bananal 01,TO1716653BAST00001,Sem localidade,,3,Bem Arqueológico,BA,286,Sem classificação,4,Sítio,ST,,2019/05/10
16142,Sítio Arqueológico Fazenda Fernanda 01,TO1717503BAST00001,Fazenda Fernanda,,3,Bem Arqueológico,BA,286,Sem classificação,4,Sítio,ST,,2019/05/10
16258,Torre 1185 01,TO1720978BAST00001,Sem localidade,,3,Bem Arqueológico,BA,286,Sem classificação,4,Sítio,ST,,2019/05/10
16259,Camarguinho 01,TO1720978BAST00002,Sem localidade,,3,Bem Arqueológico,BA,286,Sem classificação,4,Sítio,ST,,2019/05/10
16260,Sítio ArqueológicoTalismã 01,TO1720978BAST00003,Sem localidade,,3,Bem Arqueológico,BA,286,Sem classificação,4,Sítio,ST,,2019/05/10
17300,pontra da serra 3,TO1721000BAST00081,vão água fria,,3,Bem Arqueológico,BA,286,Sem classificação,4,Sítio,ST,,2019/05/10
17301,ponta da serra 4,TO1721000BAST00082,palmas,,3,Bem Arqueológico,BA,286,Sem classificação,4,Sítio,ST,,2019/05/10
17357,Piauí,TO1718451BAST00002,Fazenda Canto Grande,,3,Bem Arqueológico,BA,286,Sem classificação,4,Sítio,ST,,2019/05/10
17585,Sítio Arqueológico Macaúba 01,TO1707207BAST00010,Sem localidade,,3,Bem Arqueológico,BA,286,Sem classificação,4,Sítio,ST,,2019/05/10
17597,Sítio Histórico Ruínas da Chapada dos Negros,TO1702406BAST00022,Chapada dos Negros,,3,Bem Arqueológico,BA,286,Sem classificação,4,Sítio,ST,,2019/05/10
17749,Combinado,TO1705557BAST00001,Avenida JK. Centro.,,3,Bem Arqueológico,BA,286,Sem classificação,4,Sítio,ST,,2019/05/10
17880,NOVO PLANALTO,TO1710904BAST00003,fazenda Novo Planalto,,3,Bem Arqueológico,BA,286,Sem classificação,4,Sítio,ST,,2019/05/10
17978,Balsa do Veredão,TO1716505BAST00004,Fazenda Veredão,,3,Bem Arqueológico,BA,286,Sem classificação,4,Sítio,ST,,2019/05/10
17979,Veredão,TO1716505BAST00005,Fazenda Veredão,,3,Bem Arqueológico,BA,286,Sem classificação,4,Sítio,ST,,2019/05/10
17980,Paulo Lemos,TO1716505BAST00006,Fazenda Veredão,,3,Bem Arqueológico,BA,286,Sem classificação,4,Sítio,ST,,2019/05/10
17981,Da Cerca,TO1716505BAST00007,Fazenda Dois Irmãos,,3,Bem Arqueológico,BA,286,Sem classificação,4,Sítio,ST,,2019/05/10
17982,Tabocão,TO1716505BAST00008,Fazenda Tabocão,,3,Bem Arqueológico,BA,286,Sem classificação,4,Sítio,ST,,2019/05/10
18011,Carreira Comprida,TO1718758BAST00001,Chácara Carreira Comprida,,3,Bem Arqueológico,BA,286,Sem classificação,4,Sítio,ST,,2019/05/10
18012,Barra do Prata,TO1718758BAST00002,Sem localidade,,3,Bem Arqueológico,BA,286,Sem classificação,4,Sítio,ST,,2019/05/10
18092,Vão do Gado,TO1709005BAST00008,Vão do Gado,,3,Bem Arqueológico,BA,286,Sem classificação,4,Sítio,ST,,2019/05/10
18375,Sitio Arqueologico Historico de Mineração Serra de Natividade TO,TO1714203BAST00005,Serra de Natividade - TO,,3,Bem Arqueológico,BA,286,Sem classificação,4,Sítio,ST,,2019/05/10
18443,SÍTIO PRÉ HISTÓRICO MORROS GERAIS II CAVERNA IV,TO1720937BAST00001,SERRA DE TAIPAS,,3,Bem Arqueológico,BA,286,Sem classificação,4,Sítio,ST,,2019/05/10
19573,Sítio Arqueológico V2-4,TO1716653BAST00002,Sem localidade,,3,Bem Arqueológico,BA,286,Sem classificação,4,Sítio,ST,,2019/05/10
19628,ABRIGO DO SAL,MA2104057BAST00009,Fazenda Campo Alegre,,3,Bem Arqueológico,BA,286,Sem classificação,4,Sítio,ST,,2019/05/10
29427,Flor de Goiás,TO1706258BAST00001,Fazenda Flor de Goiás,,3,Bem Arqueológico,BA,41,Pré-colonial,4,Sítio,ST,"Flor de Goiás, localizado(a) no estado de Tocantins, cidade(s) de Crixás do Tocantins, é um Bem Arqueológico, do tipo Sítio.
Sítio cerâmico a céu aberto.",2020/07/29
29907,Quero-Quero 2,TO1700350BAST00005,Fazenda Quero-Quero,,3,Bem Arqueológico,BA,41,Pré-colonial,4,Sítio,ST,"Quero-Quero 2, localizado(a) no estado de Tocantins, cidade(s) de Aliança do Tocantins, é um Bem Arqueológico, do tipo Sítio.
Sítio cerâmico a céu aberto.",2020/08/21
31092,Rio Mutum II,TO1712405BAST00002,não informado,,3,Bem Arqueológico,BA,41,Pré-colonial,4,Sítio,ST,"Rio Mutum II, localizado(a) no estado de Tocantins, cidade(s) de Lizarda, é um Bem Arqueológico, do tipo Sítio.
Sítio unicomponencia localizado sobre morro com topo aplainado com vertentes convexo-concovas suaves, de baixa altimetria. Presença de materi",2020/11/04
31088,Rio Mutum I,TO1712405BAST00001,não informado,,3,Bem Arqueológico,BA,41,Pré-colonial,4,Sítio,ST,"Rio Mutum I, localizado(a) no estado de Tocantins, cidade(s) de Lizarda, é um Bem Arqueológico, do tipo Sítio.
Sítio unicomponencial localizado sobre morro com topo aplainado, em área de relevo suave ondulado, vertentes curtas e declivosas, com presença",2020/11/04
31987,FDR 02,TO1711902BAST00002,Fazenda Dois Rios,,3,Bem Arqueológico,BA,41,Pré-colonial,4,Sítio,ST,"FDR 02, localizado(a) no estado de Tocantins, cidade(s) de Lagoa da Confusão, é um Bem Arqueológico, do tipo Sítio.
Sítio cerâmico a céu aberto.",2020/12/16
31988,FDR 03,TO1711902BAST00003,Fazenda Dois Rios,,3,Bem Arqueológico,BA,41,Pré-colonial,4,Sítio,ST,"FDR 03, localizado(a) no estado de Tocantins, cidade(s) de Lagoa da Confusão, é um Bem Arqueológico, do tipo Sítio.
Sítio cerâmico a céu aberto",2020/12/16
31992,FDR 06,TO1711902BAST00006,Fazenda Dois Rios,,3,Bem Arqueológico,BA,41,Pré-colonial,4,Sítio,ST,"FDR 06, localizado(a) no estado de Tocantins, cidade(s) de Lagoa da Confusão, é um Bem Arqueológico, do tipo Sítio.
Sítio lito-cerâmico a céu aberto.",2020/12/16
31995,Barreira da Cruz,TO1717503BAST00014,Fazenda Dois Rios,,3,Bem Arqueológico,BA,41,Pré-colonial,4,Sítio,ST,"Barreira da Cruz, localizado(a) no estado de Tocantins, cidade(s) de Pium, é um Bem Arqueológico, do tipo Sítio.
Sítio lito-cerâmico a céu aberto.",2020/12/16
31998,Fazenda Palmeiras,TO1711902BAST00007,Fazenda Palmeiras,,3,Bem Arqueológico,BA,41,Pré-colonial,4,Sítio,ST,"Fazenda Palmeiras, localizado(a) no estado de Tocantins, cidade(s) de Lagoa da Confusão, é um Bem Arqueológico, do tipo Sítio.
Sítio cerâmico a céu aberto.",2020/12/16
31991,FDR 05,TO1711902BAST00005,Fazenda Dois Rios,,3,Bem Arqueológico,BA,41,Pré-colonial,4,Sítio,ST,"FDR 05, localizado(a) no estado de Tocantins, cidade(s) de Lagoa da Confusão, é um Bem Arqueológico, do tipo Sítio.
Sítio cerâmico a céu aberto.",2020/12/16
31990,FDR 04,TO1711902BAST00004,Fazenda Dois Rios,,3,Bem Arqueológico,BA,41,Pré-colonial,4,Sítio,ST,"FDR 04, localizado(a) no estado de Tocantins, cidade(s) de Lagoa da Confusão, é um Bem Arqueológico, do tipo Sítio.
Sítio lito-cerâmico a céu aberto.",2020/12/16
33754,Vermelhão,TO1720978BAST00004,,,3,Bem Arqueológico,BA,41,Pré-colonial,4,Sítio,ST,"Vermelhão, localizado(a) no estado de Tocantins, cidade(s) de Talismã, é um Bem Arqueológico, do tipo Sítio.
Sítio arqueológico encontrado próximo à rodovia BR-153 em area areno argilosa com grande alteração antropica.",2021/08/05
32329,Serra do Capeta I,TO1712405BAST00003,,,3,Bem Arqueológico,BA,41,Pré-colonial,4,Sítio,ST,"Sítio localizado entre o topo e meia encosta de chapada, caracterizado como sítio à céu aberto com presença d emateriais líticos em sílex",2021/01/28
32322,Sítio Arqueológico Fazenda Montanha,TO1718899BAST00002,,,3,Bem Arqueológico,BA,41,Pré-colonial,4,Sítio,ST,"Sítio Arqueológico Fazenda Montanha, localizado(a) no estado de Tocantins, cidade(s) de Santa Rita do Tocantins, é um Bem Arqueológico, do tipo Sítio.",2021/01/27
32336,Serra do Capeta II,TO1712405BAST00004,,,3,Bem Arqueológico,BA,41,Pré-colonial,4,Sítio,ST,"O sítio caracteriza-se como lítico-superficial, concentrado em área de colina e arredores até uma área plana com solo revolvido pela ação de arado mecânico, por convenção de atividades agrícolas anteriores. Área total de 21,63 hectares",2021/02/02
32631,Bela Vista,TO1709302BAST00006,,,3,Bem Arqueológico,BA,41,Pré-colonial,4,Sítio,ST,Sítio Lito-cerâmico pré-colonial implantado sobre baixa-encosta de colina alta,2021/03/14
32632,do Limão,TO1718204BAST00046,,,3,Bem Arqueológico,BA,41,Pré-colonial,4,Sítio,ST,"Sítio cerâmico pré-colonial parcialmente impactado por construção de moradia, implantado sobre patamar baixo",2021/03/14
32639,Rebuliço,TO1718204BAST00047,,,3,Bem Arqueológico,BA,41,Pré-colonial,4,Sítio,ST,Sítio cerâmico pré-colonial parcialmente impactado por preparação do solo para plantio implantado sobre encosta de patamar,2021/03/14
32630,Serra Grande,TO1711100BAST00001,,,3,Bem Arqueológico,BA,41,Pré-colonial,4,Sítio,ST,Sítio cerâmico pré-colonial implantado sobre encosta de colina alta,2021/03/14
32447,Maranatha,TO1703701BAST00027,Fazenda Maranatha,,3,Bem Arqueológico,BA,41,Pré-colonial,4,Sítio,ST,"Maranatha, localizado(a) no estado de Tocantins, cidade(s) de Brejinho de Nazaré, é um Bem Arqueológico, do tipo Sítio.
Sítio cerâmico a céu aberto",2021/02/22
32335,Ribeirão do Lajeado,TO1716505BAST00016,Fazenda Cana Brava,,3,Bem Arqueológico,BA,41,Pré-colonial,4,Sítio,ST,"Sítio lito-cerâmico em baixa vertente com declividade suave. Material depositado em superfície e subsuperfície, com maior parte do material arqueológico entre 10 e 40 cm de profundidade.",2021/02/02
33356,Rio Vermelho 2,TO1715101BAST00002,,,3,Bem Arqueológico,BA,41,Pré-colonial,4,Sítio,ST,"Rio Vermelho 2, localizado(a) no estado de Tocantins, cidade(s) de Novo Acordo, é um Bem Arqueológico, do tipo Sítio.
Sítio pré-colonial a céu aberto, composto por materiais líticos lascados dispersos sobre a superfície de uma área com 51x23 metros. Na",2021/06/22
33354,Rio Vermelho 1,TO1715101BAST00001,,,3,Bem Arqueológico,BA,41,Pré-colonial,4,Sítio,ST,"Rio Vermelho 1, localizado(a) no estado de Tocantins, cidade(s) de Novo Acordo, é um Bem Arqueológico, do tipo Sítio.
Sítio pré-colonial a céu aberto, composto por materiais líticos lascados dispersos sobre a superfície de uma área com 20x20 metros. Na",2021/06/22
33554,Ruinas do Padre Gama 1,TO1713601BAST00001,,,3,Bem Arqueológico,BA,40,Histórico,4,Sítio,ST,"Sediado no sopé da Serra do Carmo, As Ruinas do Padre Gama é um conjunto estruturas formando um grande complexo de garimpo por volta de 1780 com a chegada do Padre Gama.",2021/07/13
33555,Ruinas do Padre Gama 2,TO1713601BAST00002,,,3,Bem Arqueológico,BA,40,Histórico,4,Sítio,ST,"Sediado no sopé da Serra do Carmo, As Ruinas do Padre Gama é um conjunto estruturas formando um grande complexo de garimpo por volta de 1780 com a chegada do Padre Gama.",2021/07/13
33556,Ruinas do Padre Gama 3,TO1713601BAST00003,,,3,Bem Arqueológico,BA,40,Histórico,4,Sítio,ST,"Sediado no sopé da Serra do Carmo, As Ruinas do Padre Gama é um conjunto estruturas formando um grande complexo de garimpo por volta de 1780 com a chegada do Padre Gama.",2021/07/13
33755,Vaca Branca,TO1700350BAST00006,,,3,Bem Arqueológico,BA,41,Pré-colonial,4,Sítio,ST,"Vaca Branca, localizado(a) no estado de Tocantins, cidade(s) de Aliança do Tocantins, é um Bem Arqueológico, do tipo Sítio.
O sítio apresenta material cerâmico em superficie, em meio a brachiaria, na margem esquerda da rodovia sentido norte, junto a pla",2021/08/05
12188,Até Ver I,TO1713205BAST00005,Fazenda Trindade,,3,Bem Arqueológico,BA,286,Sem classificação,4,Sítio,ST,,2019/05/10
17983,José Pontes,TO1716505BAST00009,Sem localidade,,3,Bem Arqueológico,BA,286,Sem classificação,4,Sítio,ST,,2019/05/10
17984,Vazante do Bananal,TO1716505BAST00010,Sem localidade,,3,Bem Arqueológico,BA,286,Sem classificação,4,Sítio,ST,,2019/05/10
17985,Fortaleza,TO1716505BAST00011,Fazenda Buritirana,,3,Bem Arqueológico,BA,286,Sem classificação,4,Sítio,ST,,2019/05/10
23484,Fazenda Andradina,TO1707702BAST00019,"-",,3,Bem Arqueológico,BA,41,Pré-colonial,4,Sítio,ST,"Oficina lítica. Para a produção dos artefatos líticos as comunidades pré-históricas utilizaram como matéria-prima árvores petrificadas (fósseis vegetais). Logo, trata-se de um sítio tanto paleontológico quanto arqueológico",2019/08/20
12189,ATÉ VER II,TO1713205BAST00006,Fazenda Trindade,,3,Bem Arqueológico,BA,286,Sem classificação,4,Sítio,ST,,2019/05/10
31986,FDR 01,TO1711902BAST00001,Fazenda Dois Rios,,3,Bem Arqueológico,BA,41,Pré-colonial,4,Sítio,ST,"Mesa Portátil Para Cadeira De Praia, localizado(a) no estado de Tocantins, cidade(s) de Lagoa da Confusão, é um Bem Arqueológico, do tipo Sítio.
Sítio cerâmico a céu aberto.",2020/12/16
23483,Fazenda Buritirana,TO1707702BAST00018,"-",,3,Bem Arqueológico,BA,41,Pré-colonial,4,Sítio,ST,"Oficina lítica. Para a produção dos artefatos líticos as comunidades pré-históricas
utilizaram como matéria-prima árvores petrificadas (fósseis vegetais). Logo, trata-se de um sítio tanto paleontológico quanto arqueológico",2019/08/20
24316,Sítio Arqueológico Cachoeira 01,TO1712009BAST00082,Estrada vicinal que margeia o Rio Lajeado,,3,Bem Arqueológico,BA,41,Pré-colonial,4,Sítio,ST,"Sítio Arqueológico Cachoeira 01, localizado(a) no estado de Tocantins, cidade(s) de Lajeado, é um Bem Arqueológico, do tipo Sítio, com estado de conservação Ruim e de preservação Muito Alterado.
Locallizado junto a área destinada a construção da Torre 3",2019/10/16
24174,Filadélfia I,TO1707702BAST00020,Grota da Areia,,3,Bem Arqueológico,BA,41,Pré-colonial,4,Sítio,ST,"Filadélfia I, localizado(a) no estado de Tocantins, cidade(s) de Filadélfia, é um Bem Arqueológico, do tipo Sítio, com estado de conservação Regular e de preservação Pouco Alterado.
Sítio arqueológico caracterizado pela presença de registros rupestres g",2019/10/09
24319,SÍTIO ARQUEOLÓGICO VENEZA 01,TO1721000BAST00094,estrutura de fazenda,,3,Bem Arqueológico,BA,41,Pré-colonial,4,Sítio,ST,"SÍTIO ARQUEOLÓGICO VENEZA 01, localizado(a) no estado de Tocantins, cidade(s) de Palmas, é um Bem Arqueológico, do tipo Sítio, com estado de conservação Ruim e de preservação Muito Alterado.
Sítio Arqueológico Lito Cerâmico encontrado em decorrência dos",2019/10/16
24320,SÍTIO ARQUEOLÓGICO VENEZA 2,TO1721000BAST00095,estrutura de fazenda,,3,Bem Arqueológico,BA,41,Pré-colonial,4,Sítio,ST,"SÍTIO ARQUEOLÓGICO VENEZA 2, localizado(a) no estado de Tocantins, cidade(s) de Palmas, é um Bem Arqueológico, do tipo Sítio, com estado de conservação Ruim e de preservação Pouco Alterado.
Sítio Arqueológico Lito Cerâmico encontrado em decorrência dos",2019/10/16
24322,SÍTIO ARQUEOLÓGICO TORRE 62,TO1721000BAST00096,Estrada Vicinal que dá acesso ao vale do Rio Lajeado,,3,Bem Arqueológico,BA,41,Pré-colonial,4,Sítio,ST,"SÍTIO ARQUEOLÓGICO TORRE 62, localizado(a) no estado de Tocantins, cidade(s) de Palmas, é um Bem Arqueológico, do tipo Sítio, com estado de conservação Ruim e de preservação Muito Alterado.
Sítio Arqueológico constituído de vestígios de natureza lítica,",2019/10/16
24164,Paredão,TO1721000BAST00093,"-",,3,Bem Arqueológico,BA,41,Pré-colonial,4,Sítio,ST,Sítio caracterizado pela presença de registros rupestres pintados.,2019/10/09
7385,Ponta da Serra 1,TO1721000BAST00001,"Serra do Lajeado, paredão com vista para Palmas",,3,Bem Arqueológico,BA,286,Sem classificação,4,Sítio,ST,,2019/05/10
7388,Sítio do Pinga lll,TO1700301BAST00001,Sem localidade,,3,Bem Arqueológico,BA,286,Sem classificação,4,Sítio,ST,,2019/05/10
7389,Sítio Grota Seca ll,TO1700301BAST00002,Fazenda Prainha,,3,Bem Arqueológico,BA,286,Sem classificação,4,Sítio,ST,,2019/05/10
7416,Sítio Campo Alegre l,TO1706506BAST00001,Fazenda Ariri,,3,Bem Arqueológico,BA,286,Sem classificação,4,Sítio,ST,,2019/05/10
24325,SÍTIO ARQUEOLÓGICO TORRE 86,TO1721000BAST00098,torre 86,,3,Bem Arqueológico,BA,41,Pré-colonial,4,Sítio,ST,"SÍTIO ARQUEOLÓGICO TORRE 86, localizado(a) no estado de Tocantins, cidade(s) de Palmas, é um Bem Arqueológico, do tipo Sítio, com estado de conservação Ruim e de preservação Muito Alterado.
Sítio Arqueológico constituído de vestígios de natureza lítica,",2019/10/17
8804,Ilha,PA1507458BAST00026,Ilha de Campo,,3,Bem Arqueológico,BA,286,Sem classificação,4,Sítio,ST,,2019/05/10
9252,Cemitério Wariwari (TO-CX-02),TO1708205BAST00001,Ilha do Bananal,,3,Bem Arqueológico,BA,286,Sem classificação,4,Sítio,ST,,2019/05/10
9258,Tiuba,TO1721000BAST00006,Fazenda Tiuba,,3,Bem Arqueológico,BA,286,Sem classificação,4,Sítio,ST,,2019/05/10
9253,Sítio abaixo da aldeia Wariwari de 1992 (TO-CX-03),TO1708205BAST00002,Ilha do Bananal,,3,Bem Arqueológico,BA,286,Sem classificação,4,Sítio,ST,,2019/05/10
9254,Fazenda Graças a Deus (Jauzinho),TO1721000BAST00002,Fazenda Graças a Deus,,3,Bem Arqueológico,BA,286,Sem classificação,4,Sítio,ST,,2019/05/10
9255,Água Fria,TO1721000BAST00003,Fazenda Água Fria,,3,Bem Arqueológico,BA,286,Sem classificação,4,Sítio,ST,,2019/05/10
9256,Brejinho 1,TO1721000BAST00004,Serra do Lageado,,3,Bem Arqueológico,BA,286,Sem classificação,4,Sítio,ST,,2019/05/10
9257,Brejinho 2,TO1721000BAST00005,Taquaralto,,3,Bem Arqueológico,BA,286,Sem classificação,4,Sítio,ST,,2019/05/10
9259,Cachoeira,TO1721000BAST00007,Fazenda Cachoeira,,3,Bem Arqueológico,BA,286,Sem classificação,4,Sítio,ST,,2019/05/10
9260,Fazenda Palmeira,TO1721000BAST00008,Fazenda Palmeira,,3,Bem Arqueológico,BA,286,Sem classificação,4,Sítio,ST,,2019/05/10
9261,Natur 1,TO1721000BAST00009,Fazenda do Sr. Aciole Lopes Sousa,,3,Bem Arqueológico,BA,286,Sem classificação,4,Sítio,ST,,2019/05/10
9262,Natur 2,TO1721000BAST00010,Fazenda do Sr. Jose Pereira (Zé Branquinho),,3,Bem Arqueológico,BA,286,Sem classificação,4,Sítio,ST,,2019/05/10
9263,Natur 3,TO1721000BAST00011,Fazenda do Sr. João Alves Moreira (João Barnabé),,3,Bem Arqueológico,BA,286,Sem classificação,4,Sítio,ST,,2019/05/10
9264,Natur 4,TO1721000BAST00012,Fazenda do Sr. João Alves Moreira (João Barnabé),,3,Bem Arqueológico,BA,286,Sem classificação,4,Sítio,ST,,2019/05/10
9265,Natur 5,TO1721000BAST00013,Fazenda do Fenelon,,3,Bem Arqueológico,BA,286,Sem classificação,4,Sítio,ST,,2019/05/10
9266,Natur 6,TO1721000BAST00014,Fazenda do Sr. Dionízio Cego,,3,Bem Arqueológico,BA,286,Sem classificação,4,Sítio,ST,,2019/05/10
9267,Natur 10,TO1721000BAST00015,Na estrada nova de Palmas ao Vao do Lageado,,3,Bem Arqueológico,BA,286,Sem classificação,4,Sítio,ST,,2019/05/10
9268,Xambioá,TO1722107BAST00001,Xambioá,,3,Bem Arqueológico,BA,286,Sem classificação,4,Sítio,ST,,2019/05/10
9269,Peixe,TO1722107BAST00002,Mina da Cosipar,,3,Bem Arqueológico,BA,286,Sem classificação,4,Sítio,ST,,2019/05/10
9270,Explosão,TO1722107BAST00003,Mina da Cosipar,,3,Bem Arqueológico,BA,286,Sem classificação,4,Sítio,ST,,2019/05/10
9591,Várzea,TO1701002BAST00001,Fazenda São José,,3,Bem Arqueológico,BA,286,Sem classificação,4,Sítio,ST,,2019/05/10
9590,Chiqueirão,TO1722107BAST00009,São Miguel,,3,Bem Arqueológico,BA,286,Sem classificação,4,Sítio,ST,,2019/05/10
9585,Pedra Preta,TO1722107BAST00004,Pedra Preta,,3,Bem Arqueológico,BA,286,Sem classificação,4,Sítio,ST,,2019/05/10
9586,Pedra Branca,TO1722107BAST00005,Fazenda Pedra Branca,,3,Bem Arqueológico,BA,286,Sem classificação,4,Sítio,ST,,2019/05/10
9587,Pedral do Monte Alto,TO1722107BAST00006,Fazenda Pedra Branca,,3,Bem Arqueológico,BA,286,Sem classificação,4,Sítio,ST,,2019/05/10
9588,São Miguel,TO1722107BAST00007,Fazenda São Miguel,,3,Bem Arqueológico,BA,286,Sem classificação,4,Sítio,ST,,2019/05/10
9589,Chiqueirinho,TO1722107BAST00008,São Miguel,,3,Bem Arqueológico,BA,286,Sem classificação,4,Sítio,ST,,2019/05/10
9592,Enseada de Furnas,TO1701002BAST00002,Fazenda Furna Azul,,3,Bem Arqueológico,BA,286,Sem classificação,4,Sítio,ST,,2019/05/10
9593,Ilha Formiga,TO1701002BAST00003,Fazenda Furna Azul,,3,Bem Arqueológico,BA,286,Sem classificação,4,Sítio,ST,,2019/05/10
10329,Lourival,TO1701101BAST00001,Fazenda Lajeadinho,,3,Bem Arqueológico,BA,286,Sem classificação,4,Sítio,ST,,2019/05/10
10330,Fazenda Sítio Novo,TO1701101BAST00002,Fazenda Sítio Novo,,3,Bem Arqueológico,BA,286,Sem classificação,4,Sítio,ST,,2019/05/10
10331,Fazenda Primavera,TO1701101BAST00003,Fazenda Primavera,,3,Bem Arqueológico,BA,286,Sem classificação,4,Sítio,ST,,2019/05/10
10332,Sítio Barreira,TO1701101BAST00004,Fazenda Mota,,3,Bem Arqueológico,BA,286,Sem classificação,4,Sítio,ST,,2019/05/10
10333,Olho d´Água,TO1701101BAST00005,Fazenda olho d´Água,,3,Bem Arqueológico,BA,286,Sem classificação,4,Sítio,ST,,2019/05/10
10458,Vicente Aires,TO1721000BAST00016,Chácara Mara Rosa,,3,Bem Arqueológico,BA,286,Sem classificação,4,Sítio,ST,,2019/05/10
10465,Lagoa do Arroz,TO1715754BAST00002,UHE São Salvador,,3,Bem Arqueológico,BA,286,Sem classificação,4,Sítio,ST,,2019/05/10
10459,Ademar Alves,TO1721000BAST00017,Chácara Água Boa,,3,Bem Arqueológico,BA,286,Sem classificação,4,Sítio,ST,,2019/05/10
10460,Boa Esperança,TO1721000BAST00018,Chácara Boa Esperança,,3,Bem Arqueológico,BA,286,Sem classificação,4,Sítio,ST,,2019/05/10
10461,Bom Jezus,TO1721000BAST00019,Chácara Bom Jezus,,3,Bem Arqueológico,BA,286,Sem classificação,4,Sítio,ST,,2019/05/10
10462,Chácara da Juíza,TO1721000BAST00020,Chácara,,3,Bem Arqueológico,BA,286,Sem classificação,4,Sítio,ST,,2019/05/10
10463,Walter,TO1721000BAST00021,Fazenda Recanto dos Ipês,,3,Bem Arqueológico,BA,286,Sem classificação,4,Sítio,ST,,2019/05/10
10464,Cemitério Fazenda dos Turcos,TO1715754BAST00001,Fazenda dos Turcos,,3,Bem Arqueológico,BA,286,Sem classificação,4,Sítio,ST,,2019/05/10
10466,Cemitério Fazenda Mucambinho,TO1715754BAST00003,Fazenda Mucambinho,,3,Bem Arqueológico,BA,286,Sem classificação,4,Sítio,ST,,2019/05/10
10467,Fazenda Limoeira,TO1715754BAST00004,UHE São Salvador,,3,Bem Arqueológico,BA,286,Sem classificação,4,Sítio,ST,,2019/05/10
10468,Fazenda Varjão,TO1715754BAST00005,UHE São Salvador,,3,Bem Arqueológico,BA,286,Sem classificação,4,Sítio,ST,,2019/05/10
10469,Fazenda Areia,TO1715754BAST00006,Fazenda Areia,,3,Bem Arqueológico,BA,286,Sem classificação,4,Sítio,ST,,2019/05/10
10470,Fazenda Campo Alegre,TO1715754BAST00007,UHE São Salvador,,3,Bem Arqueológico,BA,286,Sem classificação,4,Sítio,ST,,2019/05/10
10583,Santo Antônio 4,TO1709500BAST00001,Fazenda Altamira,,3,Bem Arqueológico,BA,286,Sem classificação,4,Sítio,ST,,2019/05/10
10638,Fazenda Mirador 1,TO1707009BAST00001,ADA - Complexo Hidrelétrico Rio Palmeiras - TO,,3,Bem Arqueológico,BA,286,Sem classificação,4,Sítio,ST,,2019/05/10
10639,Fazenda Mirador 2,TO1707009BAST00002,ADA - Complexo Hidrelétrico Rio Palmeiras - TO,,3,Bem Arqueológico,BA,286,Sem classificação,4,Sítio,ST,,2019/05/10
10640,Fazenda Porto Franco III,TO1707009BAST00003,ADA - Complexo Hidrelétrico Rio Palmeiras - TO,,3,Bem Arqueológico,BA,286,Sem classificação,4,Sítio,ST,,2019/05/10
10641,Fazenda Porto Franco II,TO1707009BAST00004,ADA - Complexo Hidrelétrico Rio Palmeiras - TO,,3,Bem Arqueológico,BA,286,Sem classificação,4,Sítio,ST,,2019/05/10
10642,Vila Boa Sorte 2,TO1707009BAST00005,ADA - Complexo Hidrelétrico Rio Palmeiras - TO,,3,Bem Arqueológico,BA,286,Sem classificação,4,Sítio,ST,,2019/05/10
10643,Fazenda Porto Franco I,TO1707009BAST00006,ADA - Complexo Hidrelétrico Rio Palmeiras - TO,,3,Bem Arqueológico,BA,286,Sem classificação,4,Sítio,ST,,2019/05/10
10644,Vila Boa Sorte,TO1707009BAST00007,ADA - Complexo Hidrelétrico Rio Palmeiras - TO,,3,Bem Arqueológico,BA,286,Sem classificação,4,Sítio,ST,,2019/05/10
10645,Fazenda Boa Vista 1,TO1707009BAST00008,ADA - Complexo Hidrelétrico Rio Palmeiras - TO,,3,Bem Arqueológico,BA,286,Sem classificação,4,Sítio,ST,,2019/05/10
10646,Fazenda Boa Vista,TO1707009BAST00009,ADA - Complexo Hidrelétrico Rio Palmeiras - TO,,3,Bem Arqueológico,BA,286,Sem classificação,4,Sítio,ST,,2019/05/10
10647,Fazenda do Rio Palmeira,TO1707009BAST00010,ADA - Complexo Hidrelétrico Rio Palmeiras - TO,,3,Bem Arqueológico,BA,286,Sem classificação,4,Sítio,ST,,2019/05/10
10648,Cascalheira 3,TO1707009BAST00011,ADA - Complexo Hidrelétrico Rio Palmeiras - TO,,3,Bem Arqueológico,BA,286,Sem classificação,4,Sítio,ST,,2019/05/10
10649,Fazenda Jacu,TO1707009BAST00012,AIA - Complexo Hidrelétrico Rio Palmeiras - TO,,3,Bem Arqueológico,BA,286,Sem classificação,4,Sítio,ST,,2019/05/10
10650,Cascalheira 1,TO1707009BAST00013,AIA - Complexo Hidrelétrico Rio Palmeiras - TO,,3,Bem Arqueológico,BA,286,Sem classificação,4,Sítio,ST,,2019/05/10
10651,Cascalheira 2,TO1707009BAST00014,AIA - Complexo Hidrelétrico Rio Palmeiras - TO,,3,Bem Arqueológico,BA,286,Sem classificação,4,Sítio,ST,,2019/05/10
10652,Córrego Doido,TO1707009BAST00015,ADA - Complexo Hidrelétrico Rio Palmeiras - TO,,3,Bem Arqueológico,BA,286,Sem classificação,4,Sítio,ST,,2019/05/10
10653,Cascalheira 5,TO1707009BAST00016,ADA - Complexo Hidrelétrico Rio Palmeiras - TO,,3,Bem Arqueológico,BA,286,Sem classificação,4,Sítio,ST,,2019/05/10
24326,SÍTIO ARQUEOLÓGICO USINA 1,TO1712009BAST00084,Estrada de acesso ao Vale do Rio Lajeado. Acesso pelo Morro do Segredo.,,3,Bem Arqueológico,BA,283,Pré-colonial e Histórico,4,Sítio,ST,"SÍTIO ARQUEOLÓGICO USINA 1, localizado(a) no estado de Tocantins, cidade(s) de Lajeado, é um Bem Arqueológico, do tipo Sítio, com estado de conservação Ruim e de preservação Muito Alterado.
Trata-se de um Sítio Arqueológico multicomponencial, encontrado",2019/10/17
7191,CORG 02 Materialidade In Situ,TO1715705BAST00004,Sem localidade,,3,Bem Arqueológico,BA,286,Sem classificação,4,Sítio,ST,,2019/05/10
7193,CORG 04 Materialidade In Situ,TO1715705BAST00006,Sem localidade,,3,Bem Arqueológico,BA,286,Sem classificação,4,Sítio,ST,,2019/05/10
7195,CORG 08 Materialidade In Situ,TO1715705BAST00008,Sem localidade,,3,Bem Arqueológico,BA,286,Sem classificação,4,Sítio,ST,,2019/05/10
7192,CORG 03 Materialidade In Situ,TO1715705BAST00005,Sem localidade,,3,Bem Arqueológico,BA,286,Sem classificação,4,Sítio,ST,,2019/05/10
7194,CORG 05 Materialidade In Situ,TO1715705BAST00007,Sem localidade,,3,Bem Arqueológico,BA,286,Sem classificação,4,Sítio,ST,,2019/05/10
7142,CORG 06 Materialidade In Situ,TO1715705BAST00001,Sem localidade,,3,Bem Arqueológico,BA,286,Sem classificação,4,Sítio,ST,,2019/05/10
7143,CORG 07 Materialidade In Situ,TO1715705BAST00002,Sem localidade,,3,Bem Arqueológico,BA,286,Sem classificação,4,Sítio,ST,,2019/05/10
7197,CORG 10 Materialidade In Situ,TO1715705BAST00010,Sem localidade,,3,Bem Arqueológico,BA,286,Sem classificação,4,Sítio,ST,,2019/05/10
23151,CORG 12,TO1709005BAST00014,"-",,3,Bem Arqueológico,BA,41,Pré-colonial,4,Sítio,ST,"Sítio arqueológico com presença de material lítico lascado, cuja principal matéria
prima é o Sílex, oriundo de um afloramento existente no local.",2019/07/30
7145,CORG 13 Materialidade In Situ,TO1709005BAST00002,Sem localidade,,3,Bem Arqueológico,BA,286,Sem classificação,4,Sítio,ST,,2019/05/10
7146,CORG 14 Materialidade In Situ,TO1709005BAST00003,Sem localidade,,3,Bem Arqueológico,BA,286,Sem classificação,4,Sítio,ST,,2019/05/10
7147,CORG 15 Materialidade In Situ,TO1709005BAST00004,Sem localidade,,3,Bem Arqueológico,BA,286,Sem classificação,4,Sítio,ST,,2019/05/10
11666,Ananás,TO1701002BAST00004,Ananás,,3,Bem Arqueológico,BA,286,Sem classificação,4,Sítio,ST,,2019/05/10
12032,Canadá II,TO1707652BAST00001,Fazenda Barra Brasil,,3,Bem Arqueológico,BA,286,Sem classificação,4,Sítio,ST,,2019/05/10
12033,Canadá IV,TO1707652BAST00002,Fazenda Bom Jesus,,3,Bem Arqueológico,BA,286,Sem classificação,4,Sítio,ST,,2019/05/10
12034,Canadá III,TO1707652BAST00003,Fazenda Bom Jesus divisa com Fazenda Campo Formoso,,3,Bem Arqueológico,BA,286,Sem classificação,4,Sítio,ST,,2019/05/10
12080,Taipoca I,TO1709500BAST00002,Fazenda do Côco,,3,Bem Arqueológico,BA,286,Sem classificação,4,Sítio,ST,,2019/05/10
12081,Imburuçú,TO1709500BAST00003,Fazenda Sítio Novo,,3,Bem Arqueológico,BA,286,Sem classificação,4,Sítio,ST,,2019/05/10
12184,Água Azul,TO1713205BAST00001,Sem localidade,,3,Bem Arqueológico,BA,286,Sem classificação,4,Sítio,ST,,2019/05/10
12193,Alvorada,TO1713304BAST00001,Fazenda Agostina,,3,Bem Arqueológico,BA,286,Sem classificação,4,Sítio,ST,,2019/05/10
12214,José Alves,TO1715002BAST00005,Chácara Sonho Meu II,,3,Bem Arqueológico,BA,286,Sem classificação,4,Sítio,ST,,2019/05/10
12241,Mangues II,TO1716109BAST00001,Fazenda Aurora,,3,Bem Arqueológico,BA,286,Sem classificação,4,Sítio,ST,,2019/05/10
12347,Castelo,TO1718204BAST00001,Sem localidade,,3,Bem Arqueológico,BA,286,Sem classificação,4,Sítio,ST,,2019/05/10
12421,Rio dos Bois 1,TO1718709BAST00001,Sem localidade,,3,Bem Arqueológico,BA,286,Sem classificação,4,Sítio,ST,,2019/05/10
24330,SÍTIO ARQUEOLÓGICO VÃO TORRES 49-50,TO1712009BAST00085,Estrada de acesso ao Vale do Rio Lajeado. Acesso pelo Morro do Segredo.,,3,Bem Arqueológico,BA,41,Pré-colonial,4,Sítio,ST,"SÍTIO ARQUEOLÓGICO VÃO TORRES 49-50, localizado(a) no estado de Tocantins, cidade(s) de Lajeado, é um Bem Arqueológico, do tipo Sítio, com estado de conservação Ruim e de preservação Muito Alterado.
Trata-se de um Sítio Arqueológico Lito Cerâmico, encon",2019/10/17
24135,Sítio Recanto da Serra,TO1703701BAST00026,Vão Da Serra,,3,Bem Arqueológico,BA,41,Pré-colonial,4,Sítio,ST,"Sítio Recanto da Serra, localizado(a) no estado de Tocantins, cidade(s) de Brejinho de Nazaré, é um Bem Arqueológico, do tipo Sítio, com estado de conservação Bom e de preservação Íntegro.
Sítio litocerâmico a céu aberto.",2019/10/08
12554,São Salvador do Tocantins 5,TO1720259BAST00001,Sem localidade,,3,Bem Arqueológico,BA,286,Sem classificação,4,Sítio,ST,,2019/05/10
12555,São Sebastião do Tocantins 4,TO1720259BAST00002,Sem localidade,,3,Bem Arqueológico,BA,286,Sem classificação,4,Sítio,ST,,2019/05/10
12556,São Salvador do Tocantins 3,TO1720259BAST00003,Sem localidade,,3,Bem Arqueológico,BA,286,Sem classificação,4,Sítio,ST,,2019/05/10
12557,São Salvador do Tocantins 2,TO1720259BAST00004,Sem localidade,,3,Bem Arqueológico,BA,286,Sem classificação,4,Sítio,ST,,2019/05/10
12558,São Salvador do Tocantins 1,TO1720259BAST00005,Sem localidade,,3,Bem Arqueológico,BA,286,Sem classificação,4,Sítio,ST,,2019/05/10
24128,Sítio Vão da Serra,TO1718204BAST00045,Vão da Serra,,3,Bem Arqueológico,BA,41,Pré-colonial,4,Sítio,ST,"Sítio Vão da Serra, localizado(a) no estado de Tocantins, cidade(s) de Porto Nacional, é um Bem Arqueológico, do tipo Sítio, com estado de conservação Bom e de preservação Íntegro.
Sítio litocerâmico a céu aberto.
Sítio litocerâmico a céu aberto, com p",2019/10/08
24334,SÍTIO ARQUEOLÓGICO VALE DO LAJEADO 1,TO1712009BAST00086,Estrada de acesso ao Vale do Rio Lajeado. Acesso pelo Morro do Segredo.,,3,Bem Arqueológico,BA,41,Pré-colonial,4,Sítio,ST,"SÍTIO ARQUEOLÓGICO VALE DO LAJEADO 1, localizado(a) no estado de Tocantins, cidade(s) de Lajeado, é um Bem Arqueológico, do tipo Sítio, com estado de conservação Ruim e de preservação Muito Alterado.
Trata-se de um Sítio Arqueológico Lito Cerâmico, enco",2019/10/17
12834,Recanto (SUBESTAÇÃO MIRACEMA),TO1713205BAST00010,"ex-proprs.: F. RECANTO: Onófre Dias Vieira, Miracema, Rod.Tocantins km 370, f. 063-985-262...",,3,Bem Arqueológico,BA,286,Sem classificação,4,Sítio,ST,,2019/05/10
12835,Água Branca (SUBESTAÇÃO COLINAS),TO1705508BAST00001,"ex-proprs.: F. Paraiso: Nazir S M. Salama, R. Raimundo Santos,, 1583, Colinas/TO,f.(063)83...",,3,Bem Arqueológico,BA,286,Sem classificação,4,Sítio,ST,,2019/05/10
12836,Guaraí - Torre 208,TO1709302BAST00001,FAZENDA,,3,Bem Arqueológico,BA,286,Sem classificação,4,Sítio,ST,,2019/05/10
12837,Sítio Marupiara,TO1709302BAST00002,Fazenda Marupiara,,3,Bem Arqueológico,BA,286,Sem classificação,4,Sítio,ST,,2019/05/10
12838,Lajeado 34,TO1712009BAST00001,Ilha localizada onde passará eixo da barragem. A aproximadamente 70m da margem direita do ...,,3,Bem Arqueológico,BA,286,Sem classificação,4,Sítio,ST,,2019/05/10
12839,Manduca,TO1718204BAST00002,Margem direita do córrego Manduca,,3,Bem Arqueológico,BA,286,Sem classificação,4,Sítio,ST,,2019/05/10
12840,Caridade,TO1713205BAST00011,Fazenda Santa Isabel,,3,Bem Arqueológico,BA,286,Sem classificação,4,Sítio,ST,,2019/05/10
12841,Petroglifos do Córrego da Pedra Riscada ou das Letras,TO1720853BAST00001,Na foz do Córrego Santa Cruz pouco abaixo do Córrego Pedra Riscada,,3,Bem Arqueológico,BA,286,Sem classificação,4,Sítio,ST,,2019/05/10
12845,TRILHA DO MARIMBONDO,TO1700301BAST00003,Sem localidade,,3,Bem Arqueológico,BA,286,Sem classificação,4,Sítio,ST,,2019/05/10
12872,Furna Lapa do Bom Jesus,TO1702406BAST00001,Fazenda Furnas,,3,Bem Arqueológico,BA,286,Sem classificação,4,Sítio,ST,,2019/05/10
12880,Rio Bezerra I,TO1702406BAST00009,Desconhecida.,,3,Bem Arqueológico,BA,286,Sem classificação,4,Sítio,ST,,2019/05/10
13391,Sítio Arqueológico Piabanha,TO1714203BAST00001,Fazenda Piabanha,,3,Bem Arqueológico,BA,286,Sem classificação,4,Sítio,ST,,2019/05/10
13392,Sítio Arqueológico Histórico Piabanha,TO1714203BAST00002,Fazenda Piabanha,,3,Bem Arqueológico,BA,286,Sem classificação,4,Sítio,ST,,2019/05/10
13393,Sítio Arqueológico Cajá,TO1714203BAST00003,Fazenda Piabanha,,3,Bem Arqueológico,BA,286,Sem classificação,4,Sítio,ST,,2019/05/10
13594,Sítio Açude I,TO1707009BAST00017,Fazenda Açude,,3,Bem Arqueológico,BA,286,Sem classificação,4,Sítio,ST,,2019/05/10
24336,SÍTIO ARQUEOLÓGICO MORRO DO SEGREDO 01,TO1712009BAST00087,Estrada de acesso ao Vale do Rio Lajeado. Acesso pelo Morro do Segredo.,,3,Bem Arqueológico,BA,41,Pré-colonial,4,Sítio,ST,"SÍTIO ARQUEOLÓGICO MORRO DO SEGREDO 01, localizado(a) no estado de Tocantins, cidade(s) de Lajeado, é um Bem Arqueológico, do tipo Sítio, com estado de conservação Ruim e de preservação Muito Alterado.
O sítio Arqueológico Morro do Segredo este localiza",2019/10/17
23170,CORG 01,TO1715705BAST00018,"-",,3,Bem Arqueológico,BA,41,Pré-colonial,4,Sítio,ST,"CORG 01, localizado(a) no estado de Tocantins, cidade(s) de Palmeirante, é um Bem Arqueológico, do tipo Sítio, com estado de conservação Ruim e de preservação Muito Alterado.",2019/07/31
17283,Água Fria 12,TO1721000BAST00064,Sem localidade,,3,Bem Arqueológico,BA,286,Sem classificação,4,Sítio,ST,,2019/05/10
24337,SÍTIO ARQUEOLÓGICO LAJEADO 48,TO1712009BAST00088,Estrada de acesso ao Vale do Rio Lajeado. Acesso pelo Morro do Segredo.,,3,Bem Arqueológico,BA,41,Pré-colonial,4,Sítio,ST,"SÍTIO ARQUEOLÓGICO LAJEADO 48, localizado(a) no estado de Tocantins, cidade(s) de Lajeado, é um Bem Arqueológico, do tipo Sítio, com estado de conservação Ruim e de preservação Muito Alterado.
O Sítio Lajeado 48 encontra-se na ADA do empreendimento assi",2019/10/17
24178,Caititu,TO1712009BAST00081,São Jorge,,3,Bem Arqueológico,BA,41,Pré-colonial,4,Sítio,ST,"Caititu, também conhecido(a) como Vão do Caititu, localizado(a) no estado de Tocantins, cidade(s) de Lajeado, é um Bem Arqueológico, do tipo Sítio, com estado de conservação Regular e de preservação Pouco Alterado.
Sítio arqueológico caracterizado pela",2019/10/09
16930,Lajeado 11,TO1712009BAST00006,"À 500m do Lajeado 8, na margem direita do rio Tocantins",,3,Bem Arqueológico,BA,286,Sem classificação,4,Sítio,ST,,2019/05/10
24323,SÍTIO ARQUEOLÓGICO TORRE 63,TO1721000BAST00097,Estrada Vicinal que dá acesso ao vale do Rio Lajeado,,3,Bem Arqueológico,BA,41,Pré-colonial,4,Sítio,ST,"SÍTIO ARQUEOLÓGICO TORRE 63, localizado(a) no estado de Tocantins, cidade(s) de Palmas, é um Bem Arqueológico, do tipo Sítio, com estado de conservação Ruim e de preservação Muito Alterado.
Sítio Arqueológico constituído de vestígios de natureza lítica,",2019/10/16
17294,Água Fria 15,TO1721000BAST00075,Margem esquerda do córrego Água Fria,,3,Bem Arqueológico,BA,286,Sem classificação,4,Sítio,ST,,2019/05/10
16955,Lajeado 3,TO1712009BAST00031,"Margem esquerda do rio Lajeado, ao norte do Balneário Ilha Verde",,3,Bem Arqueológico,BA,286,Sem classificação,4,Sítio,ST,,2019/05/10
16956,Lajeado 28,TO1712009BAST00032,Margem direita do Tocantins,,3,Bem Arqueológico,BA,286,Sem classificação,4,Sítio,ST,,2019/05/10
16957,Lajeado 5,TO1712009BAST00033,Sem localidade,,3,Bem Arqueológico,BA,286,Sem classificação,4,Sítio,ST,,2019/05/10
16969,Brejão 1,TO1712009BAST00045,Sem localidade,,3,Bem Arqueológico,BA,286,Sem classificação,4,Sítio,ST,,2019/05/10
15955,Sítio Cascata 01,TO1707207BAST00001,Sem localidade,,3,Bem Arqueológico,BA,286,Sem classificação,4,Sítio,ST,,2019/05/10
15975,Santa Cruz,TO1707553BAST00002,Fazenda Santa Cruz,,3,Bem Arqueológico,BA,286,Sem classificação,4,Sítio,ST,,2019/05/10
15988,PEDRA DE AMOLAR,TO1709302BAST00003,fazenda Pedra de Amolar,,3,Bem Arqueológico,BA,286,Sem classificação,4,Sítio,ST,,2019/05/10
15999,BARRA DO BALIZA,TO1710904BAST00001,Fazenda Barra do Baliza,,3,Bem Arqueológico,BA,286,Sem classificação,4,Sítio,ST,,2019/05/10
16104,Dois Irmãos,TO1715507BAST00003,Fazenda Dois Irmãos,,3,Bem Arqueológico,BA,286,Sem classificação,4,Sítio,ST,,2019/05/10
16112,MANAIN,TO1715705BAST00011,Sem localidade,,3,Bem Arqueológico,BA,286,Sem classificação,4,Sítio,ST,,2019/05/10
16113,CARÁ II,TO1715705BAST00012,fazenda Santa Rosa,,3,Bem Arqueológico,BA,286,Sem classificação,4,Sítio,ST,,2019/05/10
16114,CARÁ I,TO1715705BAST00013,fazenda Pouso Alto,,3,Bem Arqueológico,BA,286,Sem classificação,4,Sítio,ST,,2019/05/10
16128,Arco Verde 3,TO1716505BAST00001,Sem localidade,,3,Bem Arqueológico,BA,286,Sem classificação,4,Sítio,ST,,2019/05/10
16129,Arco Verde 2,TO1716505BAST00002,Sem localidade,,3,Bem Arqueológico,BA,286,Sem classificação,4,Sítio,ST,,2019/05/10
16130,Arco Verde 1,TO1716505BAST00003,Sem localidade,,3,Bem Arqueológico,BA,286,Sem classificação,4,Sítio,ST,,2019/05/10
16288,Nova Vitória,TO1721307BAST00001,Fazenda São José,,3,Bem Arqueológico,BA,286,Sem classificação,4,Sítio,ST,,2019/05/10
16289,BR02,TO1721307BAST00002,fazenda BR02,,3,Bem Arqueológico,BA,286,Sem classificação,4,Sítio,ST,,2019/05/10
16628,Crixás 2,TO1703701BAST00002,Margem esquerda dos rios Tocantins e Crixás,,3,Bem Arqueológico,BA,286,Sem classificação,4,Sítio,ST,,2019/05/10
16643,Sítio Gurupi V,TO1709500BAST00004,Fazenda Bela Vista,,3,Bem Arqueológico,BA,286,Sem classificação,4,Sítio,ST,,2019/05/10
16647,Pilões 10,TO1712009BAST00002,Margem direita do Tocantins,,3,Bem Arqueológico,BA,286,Sem classificação,4,Sítio,ST,,2019/05/10
16648,Canuto 1,TO1712009BAST00003,"Próximo ao córrego Lajeado, margem direita. Entrando pela Fazenda Canuto",,3,Bem Arqueológico,BA,286,Sem classificação,4,Sítio,ST,,2019/05/10
16670,Alto da Serra 2,TO1721000BAST00023,Margem direita do rio Tocantins,,3,Bem Arqueológico,BA,286,Sem classificação,4,Sítio,ST,,2019/05/10
16671,Brejo Comprido 2,TO1721000BAST00024,Sem localidade,,3,Bem Arqueológico,BA,286,Sem classificação,4,Sítio,ST,,2019/05/10
16680,Atoleiro 1,TO1718204BAST00003,"Margem direita do rio Tocantins, próximo à barra do ribeirão Atoleiro.",,3,Bem Arqueológico,BA,286,Sem classificação,4,Sítio,ST,,2019/05/10
16681,São João 2,TO1718204BAST00004,Margem esquerda do ribeirão Tocantins,,3,Bem Arqueológico,BA,286,Sem classificação,4,Sítio,ST,,2019/05/10
16690,Vilarejo Morro de São João,TO1718907BAST00001,Sem localidade,,3,Bem Arqueológico,BA,286,Sem classificação,4,Sítio,ST,,2019/05/10
16765,Cipó 2,TO1703701BAST00014,Sem localidade,,3,Bem Arqueológico,BA,286,Sem classificação,4,Sítio,ST,,2019/05/10
16715,Sítio Aliança I (Torre 493),TO1700350BAST00001,Sem localidade,,3,Bem Arqueológico,BA,286,Sem classificação,4,Sítio,ST,,2019/05/10
16716,Aliança 1,TO1700350BAST00002,Serra da Vaca Brava,,3,Bem Arqueológico,BA,286,Sem classificação,4,Sítio,ST,,2019/05/10
16717,Aliança 2,TO1700350BAST00003,Fazenda Dois Irmãos,,3,Bem Arqueológico,BA,286,Sem classificação,4,Sítio,ST,,2019/05/10
16924,Formiga 6,TO1709807BAST00009,"Fazenda Arvoredo, às márgens do córrego Arvoredo.",,3,Bem Arqueológico,BA,286,Sem classificação,4,Sítio,ST,,2019/05/10
16728,Dois Córregos,TO1700707BAST00001,Fazenda Dois Córregos,,3,Bem Arqueológico,BA,286,Sem classificação,4,Sítio,ST,,2019/05/10
16919,Formiga 3,TO1709807BAST00004,Margem do Rio Tocantins,,3,Bem Arqueológico,BA,286,Sem classificação,4,Sítio,ST,,2019/05/10
16925,Formiga 8,TO1709807BAST00010,Fazenda Cabeceira de Santa Tereza,,3,Bem Arqueológico,BA,286,Sem classificação,4,Sítio,ST,,2019/05/10
16920,Formiga 4,TO1709807BAST00005,Sem localidade,,3,Bem Arqueológico,BA,286,Sem classificação,4,Sítio,ST,,2019/05/10
16754,Crixás,TO1703701BAST00003,Fazenda Santa Tereza,,3,Bem Arqueológico,BA,286,Sem classificação,4,Sítio,ST,,2019/05/10
16755,Fundo 1,TO1703701BAST00004,Margem esquerda do rio Tocantins e margem direita do córrego Fundo,,3,Bem Arqueológico,BA,286,Sem classificação,4,Sítio,ST,,2019/05/10
16756,Crixás 3,TO1703701BAST00005,Margem esquerda dos rios Tocantins e Crixás,,3,Bem Arqueológico,BA,286,Sem classificação,4,Sítio,ST,,2019/05/10
16757,Crixás 1,TO1703701BAST00006,"Margem direita do rio Crixás, junto à estrada que segue para Aliança do Tocantins",,3,Bem Arqueológico,BA,286,Sem classificação,4,Sítio,ST,,2019/05/10
16758,Conceição 4,TO1703701BAST00007,Margem esquerda do rio Tocantins e do córrego Conceição,,3,Bem Arqueológico,BA,286,Sem classificação,4,Sítio,ST,,2019/05/10
16921,Formiga 2,TO1709807BAST00006,Sem localidade,,3,Bem Arqueológico,BA,286,Sem classificação,4,Sítio,ST,,2019/05/10
16759,Conceição 3,TO1703701BAST00008,"Margem esquerda do rio Tocantins, margem esquerda do ribeirão Conceição",,3,Bem Arqueológico,BA,286,Sem classificação,4,Sítio,ST,,2019/05/10
16760,Conceição 2,TO1703701BAST00009,"Margem esquerda do rio Tocantins, margem direita do córrego Conceição",,3,Bem Arqueológico,BA,286,Sem classificação,4,Sítio,ST,,2019/05/10
16761,Croá 1,TO1703701BAST00010,Márgem esquerda do Tocantins,,3,Bem Arqueológico,BA,286,Sem classificação,4,Sítio,ST,,2019/05/10
16762,Cipó,TO1703701BAST00011,Proximidades do córrego do Cipó,,3,Bem Arqueológico,BA,286,Sem classificação,4,Sítio,ST,,2019/05/10
16763,Conceição 1,TO1703701BAST00012,"Margem esquerda do rio Tocantins, próximo à Brejinho de Nazaré, na margem esquerda do ribe...",,3,Bem Arqueológico,BA,286,Sem classificação,4,Sítio,ST,,2019/05/10
16764,Cipó 3,TO1703701BAST00013,Margem direita do córrego do Cipó,,3,Bem Arqueológico,BA,286,Sem classificação,4,Sítio,ST,,2019/05/10
16766,Barreiro 3,TO1703701BAST00015,"Margem esquerda do rio Tocantins e do córrego Barreiro, um pouco acima da nascente deste.",,3,Bem Arqueológico,BA,286,Sem classificação,4,Sítio,ST,,2019/05/10
16767,Barreiro 2,TO1703701BAST00016,"Barreiro ou Cabeceira Verde, margem esquerdado rio Tocantins e do córrego Barreiro",,3,Bem Arqueológico,BA,286,Sem classificação,4,Sítio,ST,,2019/05/10
16768,Barreiro 1,TO1703701BAST00017,"Margem esquerda do rio Tocantins, margem esquerda do córrego Barreiro",,3,Bem Arqueológico,BA,286,Sem classificação,4,Sítio,ST,,2019/05/10
16769,Muro de Pedras,TO1703701BAST00018,Margem esquerda do Tocantins,,3,Bem Arqueológico,BA,286,Sem classificação,4,Sítio,ST,,2019/05/10
16770,Vidros 1,TO1703701BAST00019,"Margem esquerda do rio Tocantins, margem direita do córrego dos Vidros, entrando na Fazenda União",,3,Bem Arqueológico,BA,286,Sem classificação,4,Sítio,ST,,2019/05/10
16771,Vidros 2,TO1703701BAST00020,"Margem esquerda do rio Tocantins, próximo à margem esquerda do ribeirão Vidros",,3,Bem Arqueológico,BA,286,Sem classificação,4,Sítio,ST,,2019/05/10
16772,Angico 1,TO1703701BAST00021,Margem esquerda do rio Tocantins e do córrego Angico,,3,Bem Arqueológico,BA,286,Sem classificação,4,Sítio,ST,,2019/05/10
16773,Saco do Porto 1,TO1703701BAST00022,"Margem esquerda do rio Tocantins, na região do Saco do Porto.",,3,Bem Arqueológico,BA,286,Sem classificação,4,Sítio,ST,,2019/05/10
16774,Areia Grossa 1,TO1703701BAST00023,"Margem esquerda do Tocantins, Fazenda Carreira Comprida, no local conhecido como Areia Grossa",,3,Bem Arqueológico,BA,286,Sem classificação,4,Sítio,ST,,2019/05/10
16922,Formiga 9,TO1709807BAST00007,Fazenda Espírito Santo (desmembrada da fazenda Santo Antônio),,3,Bem Arqueológico,BA,286,Sem classificação,4,Sítio,ST,,2019/05/10
16928,Lajeado 32,TO1712009BAST00004,"Margem direita do rio Tocantins, a cerca de 150m do Lajedo 31, distante 15m da encosta.",,3,Bem Arqueológico,BA,286,Sem classificação,4,Sítio,ST,,2019/05/10
16856,Canadá I,TO1707652BAST00004,Fazenda Canadá,,3,Bem Arqueológico,BA,286,Sem classificação,4,Sítio,ST,,2019/05/10
16929,Lajeado 30,TO1712009BAST00005,"Margem direita do rio Tocantins, em frente à Ilha do Descaneio.",,3,Bem Arqueológico,BA,286,Sem classificação,4,Sítio,ST,,2019/05/10
16909,Tanabi,TO1709500BAST00005,Fazenda Tanabi,,3,Bem Arqueológico,BA,286,Sem classificação,4,Sítio,ST,,2019/05/10
16910,Mata do Canaã,TO1709500BAST00006,Fazenda Canaã,,3,Bem Arqueológico,BA,286,Sem classificação,4,Sítio,ST,,2019/05/10
16911,Pequizeiro,TO1709500BAST00007,Fazenda Santo Antônio,,3,Bem Arqueológico,BA,286,Sem classificação,4,Sítio,ST,,2019/05/10
16923,Formiga 7,TO1709807BAST00008,"Fazenda Arvoredo, divisa com Fazenda Cabeceira",,3,Bem Arqueológico,BA,286,Sem classificação,4,Sítio,ST,,2019/05/10
16912,Água Franca I,TO1709500BAST00008,Fazenda Nova Esperança,,3,Bem Arqueológico,BA,286,Sem classificação,4,Sítio,ST,,2019/05/10
16913,Água Franca II,TO1709500BAST00009,Fazenda Jandira,,3,Bem Arqueológico,BA,286,Sem classificação,4,Sítio,ST,,2019/05/10
16914,Cinco Irmãos II,TO1709500BAST00010,Fazenda Arantes,,3,Bem Arqueológico,BA,286,Sem classificação,4,Sítio,ST,,2019/05/10
16915,Santo Antônio 6,TO1709500BAST00011,"Condomínio Santo Antônio, margem esquerda do rio Santo Antônio.",,3,Bem Arqueológico,BA,286,Sem classificação,4,Sítio,ST,,2019/05/10
16916,Capela Nossa Senhora da Abadia,TO1709807BAST00001,Distrito de São Francisco,,3,Bem Arqueológico,BA,286,Sem classificação,4,Sítio,ST,,2019/05/10
16917,Cemitério Ipueiras Velha,TO1709807BAST00002,Fazenda Tocantins,,3,Bem Arqueológico,BA,286,Sem classificação,4,Sítio,ST,,2019/05/10
16918,Ipueiras Velha,TO1709807BAST00003,Sem localidade,,3,Bem Arqueológico,BA,286,Sem classificação,4,Sítio,ST,,2019/05/10
16931,Lajeado 8,TO1712009BAST00007,"Distante 70m do rio Tocantins, entre dois pequenos córregos com água apenas em épocas de c...",,3,Bem Arqueológico,BA,286,Sem classificação,4,Sítio,ST,,2019/05/10
16932,Lajeado 44,TO1712009BAST00008,"Margem esquerda do rio Tocantins, altura do eixo da barragem.",,3,Bem Arqueológico,BA,286,Sem classificação,4,Sítio,ST,,2019/05/10
16933,Lajeado 43,TO1712009BAST00009,Ilha na margem esquerda do rio Tocantins,,3,Bem Arqueológico,BA,286,Sem classificação,4,Sítio,ST,,2019/05/10
16934,Lajeado 29,TO1712009BAST00010,Margem direita do rio Tocantins,,3,Bem Arqueológico,BA,286,Sem classificação,4,Sítio,ST,,2019/05/10
16935,Lajeado 42,TO1712009BAST00011,"Ilha na margem esquerda do rio Tocantins, na altura do eixo da barragem.",,3,Bem Arqueológico,BA,286,Sem classificação,4,Sítio,ST,,2019/05/10
16936,Pilões 1,TO1712009BAST00012,"A sul de Lajeado, a 300-400m da margem direita do Tocantins, na altura ca cachoeira dos Ma...",,3,Bem Arqueológico,BA,286,Sem classificação,4,Sítio,ST,,2019/05/10
16937,Lajeado 12,TO1712009BAST00013,À aproximadamente 500m de Lajeado 9 e 200m de Lajeado 2/ à aproximadamente100m do rio Tocantins.,,3,Bem Arqueológico,BA,286,Sem classificação,4,Sítio,ST,,2019/05/10
16938,Lajeado 41,TO1712009BAST00014,Ilha na margem esquerda do rio Tocantins.,,3,Bem Arqueológico,BA,286,Sem classificação,4,Sítio,ST,,2019/05/10
16939,Lajeado 2,TO1712009BAST00015,Margem direita do Tocantins a 600m rio abaixo do eixo da barragem de Lajeado,,3,Bem Arqueológico,BA,286,Sem classificação,4,Sítio,ST,,2019/05/10
16940,Lajedo 13,TO1712009BAST00016,"Entre a estrada velha e o rio Tocantins, à aproximadamente 900m do rio, a noroeste de Lajeado 8.",,3,Bem Arqueológico,BA,286,Sem classificação,4,Sítio,ST,,2019/05/10
16941,Lajeado 27,TO1712009BAST00017,"Margem direita do rio Tocantins, 200m ao sul de Lajeado 26.",,3,Bem Arqueológico,BA,286,Sem classificação,4,Sítio,ST,,2019/05/10
16942,Lajeado 4,TO1712009BAST00018,"À 500m do rio Tocantins, na margem direita.",,3,Bem Arqueológico,BA,286,Sem classificação,4,Sítio,ST,,2019/05/10
16943,Lajeado 25,TO1712009BAST00019,Ilha em frente ao rio Lajeado,,3,Bem Arqueológico,BA,286,Sem classificação,4,Sítio,ST,,2019/05/10
16944,Lajeado 31,TO1712009BAST00020,"Margem direita do rio Tocantins, a cerca de 250m do Lajeado 30.",,3,Bem Arqueológico,BA,286,Sem classificação,4,Sítio,ST,,2019/05/10
16945,Lajeado 1,TO1712009BAST00021,Sem localidade,,3,Bem Arqueológico,BA,286,Sem classificação,4,Sítio,ST,,2019/05/10
16946,Lajeado 10,TO1712009BAST00022,Sem localidade,,3,Bem Arqueológico,BA,286,Sem classificação,4,Sítio,ST,,2019/05/10
16947,Lajeado 20,TO1712009BAST00023,"Margem direita do rio Tocantins, próximo à desembocadura do rio Lajeado no Tocantins.",,3,Bem Arqueológico,BA,286,Sem classificação,4,Sítio,ST,,2019/05/10
16948,Lajeado 24,TO1712009BAST00024,"Localizado na ilha fluvial no rio Tocantins, em frente à foz do rio Lajeado",,3,Bem Arqueológico,BA,286,Sem classificação,4,Sítio,ST,,2019/05/10
16949,Lajeado 22,TO1712009BAST00025,Margem direita do rio Tocantins,,3,Bem Arqueológico,BA,286,Sem classificação,4,Sítio,ST,,2019/05/10
16950,Lajeado 16,TO1712009BAST00026,Sem localidade,,3,Bem Arqueológico,BA,286,Sem classificação,4,Sítio,ST,,2019/05/10
16951,Lajedo 23,TO1712009BAST00027,Margem direita do rio Tocantins.,,3,Bem Arqueológico,BA,286,Sem classificação,4,Sítio,ST,,2019/05/10
16952,Lajeado 6,TO1712009BAST00028,"Localizado a aproximadamente 15m do rio Tocantins, na margem direita, a esquerda da Estrada Velha",,3,Bem Arqueológico,BA,286,Sem classificação,4,Sítio,ST,,2019/05/10
16953,Lajeado 14,TO1712009BAST00029,Entre a estrada velha para Palmas e o rio Tocantins. Há um pequeno córrego que deságua no ...,,3,Bem Arqueológico,BA,286,Sem classificação,4,Sítio,ST,,2019/05/10
16954,Lajeado 7,TO1712009BAST00030,Sem localidade,,3,Bem Arqueológico,BA,286,Sem classificação,4,Sítio,ST,,2019/05/10
16958,Mirindiba 7,TO1712009BAST00034,Margem direita do rio Tocantins,,3,Bem Arqueológico,BA,286,Sem classificação,4,Sítio,ST,,2019/05/10
16959,Lajeado 15,TO1712009BAST00035,Distante 200m da estrada asfaltada que liga Lajeado à Palmas . Distante aproximadamente 5k...,,3,Bem Arqueológico,BA,286,Sem classificação,4,Sítio,ST,,2019/05/10
16960,Mirindiba 8,TO1712009BAST00036,Margem direita do rio Tocantins e margem esquerda do córrego Todos os Santos.,,3,Bem Arqueológico,BA,286,Sem classificação,4,Sítio,ST,,2019/05/10
16961,Pilões 11,TO1712009BAST00037,Margem direita do rio Tocantins,,3,Bem Arqueológico,BA,286,Sem classificação,4,Sítio,ST,,2019/05/10
16962,Pilões 2,TO1712009BAST00038,"A cerca de 800m da margem direita do Tocantins, na beira da estrada, aproximadamente km49....",,3,Bem Arqueológico,BA,286,Sem classificação,4,Sítio,ST,,2019/05/10
16976,Pilões 8,TO1712009BAST00052,Sem localidade,,3,Bem Arqueológico,BA,286,Sem classificação,4,Sítio,ST,,2019/05/10
16963,Mirindiba 9,TO1712009BAST00039,Margem direita do rio Tocantins e margem esquerda do córrego Todos os Santos.,,3,Bem Arqueológico,BA,286,Sem classificação,4,Sítio,ST,,2019/05/10
16964,Pilões 19,TO1712009BAST00040,Margem direita do rio Tocantins e do córrego Todos os Santos,,3,Bem Arqueológico,BA,286,Sem classificação,4,Sítio,ST,,2019/05/10
16965,Pilões 17,TO1712009BAST00041,Margem direita do rio Tocantins,,3,Bem Arqueológico,BA,286,Sem classificação,4,Sítio,ST,,2019/05/10
16966,Pilões 15,TO1712009BAST00042,Margem direita do rio Tocantins,,3,Bem Arqueológico,BA,286,Sem classificação,4,Sítio,ST,,2019/05/10
16967,Pilões 14,TO1712009BAST00043,Margem direita do rio Tocantins,,3,Bem Arqueológico,BA,286,Sem classificação,4,Sítio,ST,,2019/05/10
16968,Pilões 3,TO1712009BAST00044,Fazenda dos Pilões,,3,Bem Arqueológico,BA,286,Sem classificação,4,Sítio,ST,,2019/05/10
16970,Pilões 7,TO1712009BAST00046,"Na área da antiga Fazenda Pilões, entre a estrada e o Tocantins em área informada como ant...",,3,Bem Arqueológico,BA,286,Sem classificação,4,Sítio,ST,,2019/05/10
16971,Pilões 12,TO1712009BAST00047,Margem direita do rio Tocantins,,3,Bem Arqueológico,BA,286,Sem classificação,4,Sítio,ST,,2019/05/10
16972,Lagoa Redonda 1,TO1712009BAST00048,"Margem direita do rio Tocantins, dentro da área de inundação em uma área de cerrado",,3,Bem Arqueológico,BA,286,Sem classificação,4,Sítio,ST,,2019/05/10
16973,Pilões 6,TO1712009BAST00049,Sem localidade,,3,Bem Arqueológico,BA,286,Sem classificação,4,Sítio,ST,,2019/05/10
16974,Pilões 5,TO1712009BAST00050,Fazenda dos Pilões,,3,Bem Arqueológico,BA,286,Sem classificação,4,Sítio,ST,,2019/05/10
16975,Brejo Redondo 3,TO1712009BAST00051,Sem localidade,,3,Bem Arqueológico,BA,286,Sem classificação,4,Sítio,ST,,2019/05/10
16977,Pilões 9,TO1712009BAST00053,Fazenda Lagoa Redonda - dentro da área de inundação,,3,Bem Arqueológico,BA,286,Sem classificação,4,Sítio,ST,,2019/05/10
16978,Brejo Redondo 1,TO1712009BAST00054,Localiza-se na Fazenda Brejo Redondo,,3,Bem Arqueológico,BA,286,Sem classificação,4,Sítio,ST,,2019/05/10
16979,Lajeado 19,TO1712009BAST00055,"Vale do Lajeado, alfuente direto do rio Tocantins",,3,Bem Arqueológico,BA,286,Sem classificação,4,Sítio,ST,,2019/05/10
16980,Lajeado 48,TO1712009BAST00056,Margem direita do Tocantins,,3,Bem Arqueológico,BA,286,Sem classificação,4,Sítio,ST,,2019/05/10
16981,Lajeado 47,TO1712009BAST00057,Margem direita do rio Tocantins,,3,Bem Arqueológico,BA,286,Sem classificação,4,Sítio,ST,,2019/05/10
17297,Água Fria 4,TO1721000BAST00078,Sem localidade,,3,Bem Arqueológico,BA,286,Sem classificação,4,Sítio,ST,,2019/05/10
17298,Sítio Varjão,TO1721000BAST00079,"Fazenda Varjão, margem direita do Rio Taquarussu Grande, afluente do Rio Tocantins.",,3,Bem Arqueológico,BA,286,Sem classificação,4,Sítio,ST,,2019/05/10
17022,Boi 1,TO1713205BAST00040,Margem esquerda do rio Tocantins,,3,Bem Arqueológico,BA,286,Sem classificação,4,Sítio,ST,,2019/05/10
16994,Monte Verde,TO1713205BAST00012,Fazenda Nova Olinda,,3,Bem Arqueológico,BA,286,Sem classificação,4,Sítio,ST,,2019/05/10
16995,Santa Luzia 2,TO1713205BAST00013,Margem esquerda do rio Tocantins e margem esquerda do córrego Santa Luzia.,,3,Bem Arqueológico,BA,286,Sem classificação,4,Sítio,ST,,2019/05/10
16996,ITAÚBA,TO1713205BAST00014,FAZENDA ITAÚBA,,3,Bem Arqueológico,BA,286,Sem classificação,4,Sítio,ST,,2019/05/10
16997,Abacaxi,TO1713205BAST00015,Chacara Boa Esperança,,3,Bem Arqueológico,BA,286,Sem classificação,4,Sítio,ST,,2019/05/10
16998,Cipó,TO1713205BAST00016,Fazenda Modelo,,3,Bem Arqueológico,BA,286,Sem classificação,4,Sítio,ST,,2019/05/10
16999,Miracema do Tocantins 3,TO1713205BAST00017,Margem esquerda do rio Tocantins,,3,Bem Arqueológico,BA,286,Sem classificação,4,Sítio,ST,,2019/05/10
17015,Bacabinha 1,TO1713205BAST00033,Sem localidade,,3,Bem Arqueológico,BA,286,Sem classificação,4,Sítio,ST,,2019/05/10
17000,Curral Velho,TO1713205BAST00018,Chacara Boa Sorte,,3,Bem Arqueológico,BA,286,Sem classificação,4,Sítio,ST,,2019/05/10
17001,Gameleira 2,TO1713205BAST00019,Sem localidade,,3,Bem Arqueológico,BA,286,Sem classificação,4,Sítio,ST,,2019/05/10
17002,Miracema do Tocantins 5,TO1713205BAST00020,Margem esquerda do rio Tocantins. O sítio é cortado pela estrada que liga a UHE Lajeado à ...,,3,Bem Arqueológico,BA,286,Sem classificação,4,Sítio,ST,,2019/05/10
17003,Cedro 1,TO1713205BAST00021,Sem localidade,,3,Bem Arqueológico,BA,286,Sem classificação,4,Sítio,ST,,2019/05/10
17004,Miracema do Tocantins 4,TO1713205BAST00022,Margem esquerda do Tocantins,,3,Bem Arqueológico,BA,286,Sem classificação,4,Sítio,ST,,2019/05/10
17299,Abrigo da Jiboinha,TO1721000BAST00080,Sem localidade,,3,Bem Arqueológico,BA,286,Sem classificação,4,Sítio,ST,,2019/05/10
17005,Santa Luzia 3,TO1713205BAST00023,"Margem esquerda do rio Tocantins e margem esquerda do córrego santa Luzia, no afluente Vão Fundo",,3,Bem Arqueológico,BA,286,Sem classificação,4,Sítio,ST,,2019/05/10
17006,Miracema do Tocantins 2,TO1713205BAST00024,Margem esquerda do rio Tocantins,,3,Bem Arqueológico,BA,286,Sem classificação,4,Sítio,ST,,2019/05/10
17007,Miracema do Tocantins 1,TO1713205BAST00025,Sem localidade,,3,Bem Arqueológico,BA,286,Sem classificação,4,Sítio,ST,,2019/05/10
17008,Cedro 2,TO1713205BAST00026,Sem localidade,,3,Bem Arqueológico,BA,286,Sem classificação,4,Sítio,ST,,2019/05/10
17009,Cedro 3,TO1713205BAST00027,Margem direita do córrego Brejão,,3,Bem Arqueológico,BA,286,Sem classificação,4,Sítio,ST,,2019/05/10
17327,Água Suja 8,TO1718204BAST00015,Margem esquerda do rio Água Suja e margem direita do rio Tocantins,,3,Bem Arqueológico,BA,286,Sem classificação,4,Sítio,ST,,2019/05/10
17010,Correntinho I,TO1713205BAST00028,Fazenda Chapéu,,3,Bem Arqueológico,BA,286,Sem classificação,4,Sítio,ST,,2019/05/10
17011,SÃO JUDAS TADEU I,TO1713205BAST00029,Sem localidade,,3,Bem Arqueológico,BA,286,Sem classificação,4,Sítio,ST,,2019/05/10
17012,Gameleira 1,TO1713205BAST00030,Sem localidade,,3,Bem Arqueológico,BA,286,Sem classificação,4,Sítio,ST,,2019/05/10
17013,SÃO JUDAS TADEU III,TO1713205BAST00031,FAZENDA SÃO JUDAS TADEU,,3,Bem Arqueológico,BA,286,Sem classificação,4,Sítio,ST,,2019/05/10
17014,Serrinha,TO1713205BAST00032,Fazenda Serrinha,,3,Bem Arqueológico,BA,286,Sem classificação,4,Sítio,ST,,2019/05/10
17016,Córrego Grande 1,TO1713205BAST00034,Sem localidade,,3,Bem Arqueológico,BA,286,Sem classificação,4,Sítio,ST,,2019/05/10
17017,Porteira,TO1713205BAST00035,Sem localidade,,3,Bem Arqueológico,BA,286,Sem classificação,4,Sítio,ST,,2019/05/10
17018,Miracema do Tocantins 6,TO1713205BAST00036,Margem esquerda do rio Tocantins,,3,Bem Arqueológico,BA,286,Sem classificação,4,Sítio,ST,,2019/05/10
17019,Emas 2,TO1713205BAST00037,"Margem esquerda do rio Tocantins, vila das Emas",,3,Bem Arqueológico,BA,286,Sem classificação,4,Sítio,ST,,2019/05/10
17020,Emas 1,TO1713205BAST00038,Margem esquerda do rio Tocantins,,3,Bem Arqueológico,BA,286,Sem classificação,4,Sítio,ST,,2019/05/10
17021,Lajeado 38,TO1713205BAST00039,Bloco de arenito na margem esquerda do rio Tocantins.,,3,Bem Arqueológico,BA,286,Sem classificação,4,Sítio,ST,,2019/05/10
17023,Abrigo Mutamba,TO1713205BAST00041,Margem esquerda do rio Tocantins,,3,Bem Arqueológico,BA,286,Sem classificação,4,Sítio,ST,,2019/05/10
17024,Chiquinha 2,TO1713205BAST00042,Margem esquerda do rio Tocantins,,3,Bem Arqueológico,BA,286,Sem classificação,4,Sítio,ST,,2019/05/10
17025,Surucuiu 1,TO1713205BAST00043,Sem localidade,,3,Bem Arqueológico,BA,286,Sem classificação,4,Sítio,ST,,2019/05/10
17026,Surucuiu 3,TO1713205BAST00044,Margem esquerda do rio Tocantins,,3,Bem Arqueológico,BA,286,Sem classificação,4,Sítio,ST,,2019/05/10
17027,Chiquinha 1,TO1713205BAST00045,Margem esquerda do rio Tocantins,,3,Bem Arqueológico,BA,286,Sem classificação,4,Sítio,ST,,2019/05/10
17028,Surucuiu 4,TO1713205BAST00046,Margem esquerda do rio Tocantins,,3,Bem Arqueológico,BA,286,Sem classificação,4,Sítio,ST,,2019/05/10
17029,Surucuiu 2,TO1713205BAST00047,"Margem esquerda do rio Tocantins, à beira do córrego Surucuiu",,3,Bem Arqueológico,BA,286,Sem classificação,4,Sítio,ST,,2019/05/10
17295,Santuário 1,TO1721000BAST00076,"Frontão da serra em frente à cidade, um pouco ao norte.",,3,Bem Arqueológico,BA,286,Sem classificação,4,Sítio,ST,,2019/05/10
17296,Abrigo Xavier,TO1721000BAST00077,Sem localidade,,3,Bem Arqueológico,BA,286,Sem classificação,4,Sítio,ST,,2019/05/10
17257,Taquarussu 6,TO1721000BAST00038,"Margem esquerda do ribeirão Taquarussu, chácara 83",,3,Bem Arqueológico,BA,286,Sem classificação,4,Sítio,ST,,2019/05/10
17258,Taquarussu 3,TO1721000BAST00039,"Margem esquerda do ribeirão Taquarussu, margem direita do rio Tocantins",,3,Bem Arqueológico,BA,286,Sem classificação,4,Sítio,ST,,2019/05/10
17259,Porto de Areia 1,TO1721000BAST00040,Localizado no bairro do Landi,,3,Bem Arqueológico,BA,286,Sem classificação,4,Sítio,ST,,2019/05/10
17289,Água Fria 16,TO1721000BAST00070,"Bacia do Água Fria, margem esquerda",,3,Bem Arqueológico,BA,286,Sem classificação,4,Sítio,ST,,2019/05/10
17290,Água Fria 1,TO1721000BAST00071,Caminho de acesso para o abrigo rupestre Vão Grande.,,3,Bem Arqueológico,BA,286,Sem classificação,4,Sítio,ST,,2019/05/10
17244,Sítio Pedra Grande,TO1721000BAST00025,Margem direita do Córrego Macacão / Estaca 312 da estrada,,3,Bem Arqueológico,BA,286,Sem classificação,4,Sítio,ST,,2019/05/10
17245,Sítio Santa Fé,TO1721000BAST00026,Margem direita do Córrego Macacão,,3,Bem Arqueológico,BA,286,Sem classificação,4,Sítio,ST,,2019/05/10
17246,Água Fria 6,TO1721000BAST00027,Junto às margens do Tocantins,,3,Bem Arqueológico,BA,286,Sem classificação,4,Sítio,ST,,2019/05/10
17247,Água Fria 7,TO1721000BAST00028,"Próximo às barrancas do rio Tocantins, margem direita do córrego Água Fria",,3,Bem Arqueológico,BA,286,Sem classificação,4,Sítio,ST,,2019/05/10
17248,Água Fria 9,TO1721000BAST00029,"Junto à margem direita do rio Água Fria, bastante próximo à sua barra com o Tocantins",,3,Bem Arqueológico,BA,286,Sem classificação,4,Sítio,ST,,2019/05/10
17249,Água Fria 5,TO1721000BAST00030,Margem direita do rio Tocantins e do Água Fria,,3,Bem Arqueológico,BA,286,Sem classificação,4,Sítio,ST,,2019/05/10
17250,Água Fria 8,TO1721000BAST00031,"Margem direita de um pequeno brejo que deságua no Água Fria que, por sua vez, deságua no r...",,3,Bem Arqueológico,BA,286,Sem classificação,4,Sítio,ST,,2019/05/10
17251,Prata 1,TO1721000BAST00032,"Bairro da Canela, gleba 1, margem direita do rio Tocantins.",,3,Bem Arqueológico,BA,286,Sem classificação,4,Sítio,ST,,2019/05/10
17291,Água Fria 25,TO1721000BAST00072,Sem localidade,,3,Bem Arqueológico,BA,286,Sem classificação,4,Sítio,ST,,2019/05/10
17252,Taquarassu 4,TO1721000BAST00033,Margem direita do rio Tocantins e do ribeirão Taquarassu,,3,Bem Arqueológico,BA,286,Sem classificação,4,Sítio,ST,,2019/05/10
17253,Atoleiro,TO1721000BAST00034,"Bairro Atoleiro, 300m à oeste do rio Tocantins. Antiga Fazenda Santa Isabel.",,3,Bem Arqueológico,BA,286,Sem classificação,4,Sítio,ST,,2019/05/10
17254,Ascenção,TO1721000BAST00035,A 14m da margem esquerda do córrego Ascenção. Antiga Fazenda Ascenção.,,3,Bem Arqueológico,BA,286,Sem classificação,4,Sítio,ST,,2019/05/10
17255,São João 1,TO1721000BAST00036,Margem direita do ribeirão São João,,3,Bem Arqueológico,BA,286,Sem classificação,4,Sítio,ST,,2019/05/10
17256,Taquarussu 5,TO1721000BAST00037,Margem esquerda do ribeirão Taquarassu,,3,Bem Arqueológico,BA,286,Sem classificação,4,Sítio,ST,,2019/05/10
17260,Taquarussu 7,TO1721000BAST00041,Confluência do ribeirão Taquarussu (margem esquerda) e córrego Taquari,,3,Bem Arqueológico,BA,286,Sem classificação,4,Sítio,ST,,2019/05/10
17261,Landi 1,TO1721000BAST00042,"Antiga Fazenda Landi, chamada pelos moradores apenas de Landi.",,3,Bem Arqueológico,BA,286,Sem classificação,4,Sítio,ST,,2019/05/10
17262,Jaú 2,TO1721000BAST00043,"Bairro Jaú, margem esquerda do ribeirão Jaú",,3,Bem Arqueológico,BA,286,Sem classificação,4,Sítio,ST,,2019/05/10
17263,Jaú 3,TO1721000BAST00044,"Bairro Jaú, margem esquerda do ribeirão Jaú",,3,Bem Arqueológico,BA,286,Sem classificação,4,Sítio,ST,,2019/05/10
17292,Água Fria 2,TO1721000BAST00073,"Junto à serra do Lajeado, a 60m de pequena aguada intermitente",,3,Bem Arqueológico,BA,286,Sem classificação,4,Sítio,ST,,2019/05/10
17264,Jaú,TO1721000BAST00045,"Bairro Jaú, margem direita do ribeirão Jaú",,3,Bem Arqueológico,BA,286,Sem classificação,4,Sítio,ST,,2019/05/10
17265,Jauzinho 2,TO1721000BAST00046,"Fazenda Santo André, divisa do córrego Jauzinho",,3,Bem Arqueológico,BA,286,Sem classificação,4,Sítio,ST,,2019/05/10
17266,Vão Grande da Cabeceira,TO1721000BAST00047,Paredão da Serra em frente à cidade,,3,Bem Arqueológico,BA,286,Sem classificação,4,Sítio,ST,,2019/05/10
17267,Água Fria 11,TO1721000BAST00048,Sem localidade,,3,Bem Arqueológico,BA,286,Sem classificação,4,Sítio,ST,,2019/05/10
17268,Água Fria 10,TO1721000BAST00049,Sem localidade,,3,Bem Arqueológico,BA,286,Sem classificação,4,Sítio,ST,,2019/05/10
17269,Brejo Comprido 10,TO1721000BAST00050,Sem localidade,,3,Bem Arqueológico,BA,286,Sem classificação,4,Sítio,ST,,2019/05/10
17293,Água Fria 3,TO1721000BAST00074,Sem localidade,,3,Bem Arqueológico,BA,286,Sem classificação,4,Sítio,ST,,2019/05/10
17270,Brejo Comprido 8,TO1721000BAST00051,"Propriedade vizinha à Chácara Santa Izabel, bem embaixo da linha de transmissão. Margem es...",,3,Bem Arqueológico,BA,286,Sem classificação,4,Sítio,ST,,2019/05/10
17271,Brejo Comprido 7,TO1721000BAST00052,"Propriedade vizinha à Chácara Santa Izabel, bem embaixo da linha de transmissão . Margem e...",,3,Bem Arqueológico,BA,286,Sem classificação,4,Sítio,ST,,2019/05/10
17272,Brejo Comprido 9,TO1721000BAST00053,Setor leste,,3,Bem Arqueológico,BA,286,Sem classificação,4,Sítio,ST,,2019/05/10
17273,Brejo Comprido 6,TO1721000BAST00054,"Chácara Santa Izabel, Brejo Comprido",,3,Bem Arqueológico,BA,286,Sem classificação,4,Sítio,ST,,2019/05/10
17274,Água Fria 13,TO1721000BAST00055,Sem localidade,,3,Bem Arqueológico,BA,286,Sem classificação,4,Sítio,ST,,2019/05/10
17281,Água Fria 22,TO1721000BAST00062,Marem direita do córrego Água Fria,,3,Bem Arqueológico,BA,286,Sem classificação,4,Sítio,ST,,2019/05/10
17275,Brejo Comprido 3,TO1721000BAST00056,Sem localidade,,3,Bem Arqueológico,BA,286,Sem classificação,4,Sítio,ST,,2019/05/10
17276,Brejo Comprido 4,TO1721000BAST00057,"Área de cabeceira do córrego Brejo Comprido, margem direita do rio Tocantins",,3,Bem Arqueológico,BA,286,Sem classificação,4,Sítio,ST,,2019/05/10
17277,Brejo Comprido 1,TO1721000BAST00058,Sem localidade,,3,Bem Arqueológico,BA,286,Sem classificação,4,Sítio,ST,,2019/05/10
17278,Água Fria 19,TO1721000BAST00059,Sem localidade,,3,Bem Arqueológico,BA,286,Sem classificação,4,Sítio,ST,,2019/05/10
17279,Brejo Comprido 5,TO1721000BAST00060,Sem localidade,,3,Bem Arqueológico,BA,286,Sem classificação,4,Sítio,ST,,2019/05/10
17280,Água Fria 23,TO1721000BAST00061,Barra do Água Fria com um pequeno afluente em sua margem direita,,3,Bem Arqueológico,BA,286,Sem classificação,4,Sítio,ST,,2019/05/10
17282,Água Fria 21,TO1721000BAST00063,Sem localidade,,3,Bem Arqueológico,BA,286,Sem classificação,4,Sítio,ST,,2019/05/10
17284,Água Fria 24,TO1721000BAST00065,Fazenda Arizona,,3,Bem Arqueológico,BA,286,Sem classificação,4,Sítio,ST,,2019/05/10
17285,Água Fria 17,TO1721000BAST00066,Sem localidade,,3,Bem Arqueológico,BA,286,Sem classificação,4,Sítio,ST,,2019/05/10
17286,Água Fria 18,TO1721000BAST00067,Margem direita do córrego Água Fria,,3,Bem Arqueológico,BA,286,Sem classificação,4,Sítio,ST,,2019/05/10
17287,Água Fria 14,TO1721000BAST00068,"Bacia do Água Fria, margem esquerda",,3,Bem Arqueológico,BA,286,Sem classificação,4,Sítio,ST,,2019/05/10
17288,Água Fria 20,TO1721000BAST00069,Margem direita do córrego Água Fria,,3,Bem Arqueológico,BA,286,Sem classificação,4,Sítio,ST,,2019/05/10
17302,Taquarussu 1,TO1721000BAST00083,Fazenda Palmeira,,3,Bem Arqueológico,BA,286,Sem classificação,4,Sítio,ST,,2019/05/10
17303,bela vista,TO1721000BAST00084,to rumo à buritirana primeirra entrada ápos a cachoiera roncadeira,,3,Bem Arqueológico,BA,286,Sem classificação,4,Sítio,ST,,2019/05/10
17304,Taquarussu 2,TO1721000BAST00085,Fazenda Cachoeira,,3,Bem Arqueológico,BA,286,Sem classificação,4,Sítio,ST,,2019/05/10
17305,Sítio Bom Jesus,TO1721000BAST00086,Margem direita do Córrego Macacão e margem esquerda do eixo da estrada atual e da feitura ...,,3,Bem Arqueológico,BA,286,Sem classificação,4,Sítio,ST,,2019/05/10
17306,Santo Antônio 5,TO1716604BAST00001,Fazenda do Carioca,,3,Bem Arqueológico,BA,286,Sem classificação,4,Sítio,ST,,2019/05/10
17307,Santo Antônio 3,TO1716604BAST00002,Sem localidade,,3,Bem Arqueológico,BA,286,Sem classificação,4,Sítio,ST,,2019/05/10
17308,Santa Tereza 1,TO1716604BAST00003,Fazenda Santa Tereza,,3,Bem Arqueológico,BA,286,Sem classificação,4,Sítio,ST,,2019/05/10
17309,Santo Antônio 1,TO1716604BAST00004,Fazenda entre Rios,,3,Bem Arqueológico,BA,286,Sem classificação,4,Sítio,ST,,2019/05/10
17310,Santo Antônio 2,TO1716604BAST00005,Fazenda Entre Rios,,3,Bem Arqueológico,BA,286,Sem classificação,4,Sítio,ST,,2019/05/10
17311,São Miguel 2,TO1716604BAST00006,Margem direita do Tocantins,,3,Bem Arqueológico,BA,286,Sem classificação,4,Sítio,ST,,2019/05/10
17312,São Miguel 1,TO1716604BAST00007,O sítio localiza-se nas proximidades do travessão de São Miguel e da ponte sob o rio Tocan...,,3,Bem Arqueológico,BA,286,Sem classificação,4,Sítio,ST,,2019/05/10
17313,Belo Horizonte,TO1716604BAST00008,Fazenda Belo Horizonte,,3,Bem Arqueológico,BA,286,Sem classificação,4,Sítio,ST,,2019/05/10
17317,Arrozal,TO1718204BAST00005,Fazenda São Sebastião,,3,Bem Arqueológico,BA,286,Sem classificação,4,Sítio,ST,,2019/05/10
17318,Mangues III,TO1718204BAST00006,Agromangues,,3,Bem Arqueológico,BA,286,Sem classificação,4,Sítio,ST,,2019/05/10
17319,Monte de Pedra II,TO1718204BAST00007,Fazenda Vale do Paraíso,,3,Bem Arqueológico,BA,286,Sem classificação,4,Sítio,ST,,2019/05/10
17328,Puba 1,TO1718204BAST00016,"Margem esquerda do rio Tocantins, margem direita do brejo Puba",,3,Bem Arqueológico,BA,286,Sem classificação,4,Sítio,ST,,2019/05/10
17320,Monte de Pedra I,TO1718204BAST00008,Fazenda Vale do Paraiso,,3,Bem Arqueológico,BA,286,Sem classificação,4,Sítio,ST,,2019/05/10
17321,Pontal 1,TO1718204BAST00009,Fazenda Pontal ou Capivara,,3,Bem Arqueológico,BA,286,Sem classificação,4,Sítio,ST,,2019/05/10
17322,Pedra Preta 1,TO1718204BAST00010,"Margem esquerda do rio Tocantins, margem direita do córrego Pedra Preta.",,3,Bem Arqueológico,BA,286,Sem classificação,4,Sítio,ST,,2019/05/10
17323,Pedra Preta 2,TO1718204BAST00011,Margem esquerda do rio Tocantins e margem esquerda do córrego Pedra Preta,,3,Bem Arqueológico,BA,286,Sem classificação,4,Sítio,ST,,2019/05/10
17324,Vitória 2,TO1718204BAST00012,"Margem esquerda do rio Tocantins, Fazenda Vitória",,3,Bem Arqueológico,BA,286,Sem classificação,4,Sítio,ST,,2019/05/10
17325,Matança 1,TO1718204BAST00013,"Margem esquerda do rio Tocantins, margem direita do córrego Matança.",,3,Bem Arqueológico,BA,286,Sem classificação,4,Sítio,ST,,2019/05/10
17326,Cachimbo,TO1718204BAST00014,Margem direita do rio Tocantins,,3,Bem Arqueológico,BA,286,Sem classificação,4,Sítio,ST,,2019/05/10
17353,Engenho 1,TO1718204BAST00041,Margem direita do rio Tocantins,,3,Bem Arqueológico,BA,286,Sem classificação,4,Sítio,ST,,2019/05/10
17329,Estiva 2,TO1718204BAST00017,Margem esquerda do rio Tocantins/ margem esquerda do Brejo da Estiva,,3,Bem Arqueológico,BA,286,Sem classificação,4,Sítio,ST,,2019/05/10
17330,Estiva 3,TO1718204BAST00018,Margem esquerda do brejo Estiva e margem esquerda do rio Tocantins.,,3,Bem Arqueológico,BA,286,Sem classificação,4,Sítio,ST,,2019/05/10
17331,Caracol 1,TO1718204BAST00019,Margem esquerda do rio Tocantins Fazenda Mariza,,3,Bem Arqueológico,BA,286,Sem classificação,4,Sítio,ST,,2019/05/10
17332,Mangues 1,TO1718204BAST00020,"Margem esquerda do rio Tocantins, margem direita do rio Mangues - Fazenda Cristo Rei",,3,Bem Arqueológico,BA,286,Sem classificação,4,Sítio,ST,,2019/05/10
17333,Porteiras 4,TO1718204BAST00021,Sem localidade,,3,Bem Arqueológico,BA,286,Sem classificação,4,Sítio,ST,,2019/05/10
17334,Capivara 4,TO1718204BAST00022,"Fazenda na margem direita do córrego Capivara, interior da mata, e margem esquerda do rio Tocantins",,3,Bem Arqueológico,BA,286,Sem classificação,4,Sítio,ST,,2019/05/10
17335,Molha 2,TO1718204BAST00023,"Cabeceira do ribeirão Molha, margem esquerda do rio Tocantins, entre Vila Graciosa e o rio Mangues.",,3,Bem Arqueológico,BA,286,Sem classificação,4,Sítio,ST,,2019/05/10
17336,Porteiras 3,TO1718204BAST00024,Sem localidade,,3,Bem Arqueológico,BA,286,Sem classificação,4,Sítio,ST,,2019/05/10
17337,Água Suja 7,TO1718204BAST00025,Córrego Água Suja,,3,Bem Arqueológico,BA,286,Sem classificação,4,Sítio,ST,,2019/05/10
17338,Lajes 3,TO1718204BAST00026,"Margem esquerda do rio Tocantins, margem direita do córrego Lajes",,3,Bem Arqueológico,BA,286,Sem classificação,4,Sítio,ST,,2019/05/10
17339,Porteiras 2,TO1718204BAST00027,"Bairro das Porteiras, margem esquerda do rio Tocantins, próximo à Vila Graciosa",,3,Bem Arqueológico,BA,286,Sem classificação,4,Sítio,ST,,2019/05/10
17340,Água Suja 6,TO1718204BAST00028,Córrego Água Suja,,3,Bem Arqueológico,BA,286,Sem classificação,4,Sítio,ST,,2019/05/10
17341,Porteiras 1,TO1718204BAST00029,Margem direita do córrego das Porteiras,,3,Bem Arqueológico,BA,286,Sem classificação,4,Sítio,ST,,2019/05/10
17342,Molha 1,TO1718204BAST00030,"Margem esquerda do rio Tocantins, entre Lagoinha e o rio Molha.",,3,Bem Arqueológico,BA,286,Sem classificação,4,Sítio,ST,,2019/05/10
17343,Capivara 5,TO1718204BAST00031,"Margem esquerda do rio Tocantins, junto à estrada de acesso à Barrolândia",,3,Bem Arqueológico,BA,286,Sem classificação,4,Sítio,ST,,2019/05/10
17344,Capivara 2,TO1718204BAST00032,"Fazenda na margem esquerda do córrego Capivara,, amrgem esquerda do rio Tocantins",,3,Bem Arqueológico,BA,286,Sem classificação,4,Sítio,ST,,2019/05/10
17345,Vila Nova 1,TO1718204BAST00033,"Margem direita do rio Tocantins, próximo ao bairro de Vila Nova",,3,Bem Arqueológico,BA,286,Sem classificação,4,Sítio,ST,,2019/05/10
17346,Capivara,TO1718204BAST00034,"Chácara ao lado direito da rodovia TO-80, margem esquerda do rio Tocantins e direita do có...",,3,Bem Arqueológico,BA,286,Sem classificação,4,Sítio,ST,,2019/05/10
17347,Lajes 2,TO1718204BAST00035,"Margem esquerda do rio Tocantins, margem esquerda do córrego Lajes, antiga Fazenda Lajes.",,3,Bem Arqueológico,BA,286,Sem classificação,4,Sítio,ST,,2019/05/10
17348,Capivara 3,TO1718204BAST00036,"Bairro \""Molha\"", próximo à Vila Graciosa, na margem esquerda do rio Tocantins",,3,Bem Arqueológico,BA,286,Sem classificação,4,Sítio,ST,,2019/05/10
17349,Santa Luzia 4,TO1718204BAST00037,"Bairro Cabeceira Redonda, margem esquerda do Tocantins e direita do córrego Cabeceira Redonda",,3,Bem Arqueológico,BA,286,Sem classificação,4,Sítio,ST,,2019/05/10
17350,Lages,TO1718204BAST00038,Fazenda Santa Rita - foi desmembrada e a sede passou a chácara santa Rita,,3,Bem Arqueológico,BA,286,Sem classificação,4,Sítio,ST,,2019/05/10
17351,Engenho 2,TO1718204BAST00039,"Margem direita do rio Tocantins, margem esquerda do córrego do Engenho, onde a estrada (de...",,3,Bem Arqueológico,BA,286,Sem classificação,4,Sítio,ST,,2019/05/10
17352,Areias,TO1718204BAST00040,Fazenda Areias,,3,Bem Arqueológico,BA,286,Sem classificação,4,Sítio,ST,,2019/05/10
17479,Sítio 49,TO1720259BAST00006,Fazenda Córrego das Pedras,,3,Bem Arqueológico,BA,286,Sem classificação,4,Sítio,ST,,2019/05/10
17480,Distrito de Apinajés,TO1720499BAST00001,Distrito de Apinajés,,3,Bem Arqueológico,BA,286,Sem classificação,4,Sítio,ST,,2019/05/10
17481,Apinajé 6,TO1720499BAST00002,Apinajés,,3,Bem Arqueológico,BA,286,Sem classificação,4,Sítio,ST,,2019/05/10
17482,Cemitério de Apinajés,TO1720499BAST00003,Distrito de Apinajés,,3,Bem Arqueológico,BA,286,Sem classificação,4,Sítio,ST,,2019/05/10
17483,Capela Nossa Senhora da Lapa,TO1720499BAST00004,Vila São Pedro,,3,Bem Arqueológico,BA,286,Sem classificação,4,Sítio,ST,,2019/05/10
17485,Formiga 10,TO1720655BAST00001,Fazenda Archer,,3,Bem Arqueológico,BA,286,Sem classificação,4,Sítio,ST,,2019/05/10
17486,Fazenda Landi,TO1720655BAST00002,Sem localidade,,3,Bem Arqueológico,BA,286,Sem classificação,4,Sítio,ST,,2019/05/10
17508,Tocantínia,TO1721109BAST00001,A 200m da balsa que liga Tocantínia a Miracema,,3,Bem Arqueológico,BA,286,Sem classificação,4,Sítio,ST,,2019/05/10
17522,Gurgéia - Torre 658,TO1702109BAST00001,FAZENDA,,3,Bem Arqueológico,BA,286,Sem classificação,4,Sítio,ST,,2019/05/10
17523,Lontra I - Torre 607,TO1702109BAST00002,FAZENDA SANTA LUZIA,,3,Bem Arqueológico,BA,286,Sem classificação,4,Sítio,ST,,2019/05/10
17532,Campinas - Torre 20,TO1705508BAST00002,Sem localidade,,3,Bem Arqueológico,BA,286,Sem classificação,4,Sítio,ST,,2019/05/10
17537,TORRE C-M 216 (ou 91.1),TO1709302BAST00004,FAZENDA SOLEDADE,,3,Bem Arqueológico,BA,286,Sem classificação,4,Sítio,ST,,2019/05/10
17538,TORRE C-M 227 (ou 95.3),TO1709302BAST00005,FAZENDA SÃO JOÃO,,3,Bem Arqueológico,BA,286,Sem classificação,4,Sítio,ST,,2019/05/10
17541,Olinda - Torre 730,TO1714880BAST00001,FAZENDA SANTA RITA,,3,Bem Arqueológico,BA,286,Sem classificação,4,Sítio,ST,,2019/05/10
17544,TORRE C-M 349 (ou 147.1),TO1718709BAST00008,FAZENDA SETE RIOS,,3,Bem Arqueológico,BA,286,Sem classificação,4,Sítio,ST,,2019/05/10
17579,Sítio Gurupi VII,TO1709500BAST00012,Fazenda Tanabi,,3,Bem Arqueológico,BA,286,Sem classificação,4,Sítio,ST,,2019/05/10
17580,RAPOSO I,TO1703008BAST00001,Fazenda Nova,,3,Bem Arqueológico,BA,286,Sem classificação,4,Sítio,ST,,2019/05/10
17581,RAPOSO II,TO1703008BAST00002,Chacará Katiane,,3,Bem Arqueológico,BA,286,Sem classificação,4,Sítio,ST,,2019/05/10
17582,Palmeirópolis 1,TO1715754BAST00008,Sem localidade,,3,Bem Arqueológico,BA,286,Sem classificação,4,Sítio,ST,,2019/05/10
17583,Correntinho II,TO1713205BAST00048,Fazenda Chapéu,,3,Bem Arqueológico,BA,286,Sem classificação,4,Sítio,ST,,2019/05/10
17584,Cinco Irmãos I,TO1709500BAST00013,Fazenda Condomíneo Cinco Irmãos,,3,Bem Arqueológico,BA,286,Sem classificação,4,Sítio,ST,,2019/05/10
17588,PEDRA DO INDIO,TO1700301BAST00004,Beira Rio,,3,Bem Arqueológico,BA,286,Sem classificação,4,Sítio,ST,,2019/05/10
17599,DUAS PRINCESAS,TO1703008BAST00003,fazenda Duas Princesas,,3,Bem Arqueológico,BA,286,Sem classificação,4,Sítio,ST,,2019/05/10
17600,PALMATUBA,TO1703008BAST00004,fazenda do Coco,,3,Bem Arqueológico,BA,286,Sem classificação,4,Sítio,ST,,2019/05/10
17601,SOLAR,TO1703008BAST00005,fazenda Solar dos Reis,,3,Bem Arqueológico,BA,286,Sem classificação,4,Sítio,ST,,2019/05/10
17602,REMANSO,TO1703008BAST00006,fazenda Remansão,,3,Bem Arqueológico,BA,286,Sem classificação,4,Sítio,ST,,2019/05/10
17603,DUAS CABECEIRAS,TO1703008BAST00007,Assentamento Duas Cabeceiras,,3,Bem Arqueológico,BA,286,Sem classificação,4,Sítio,ST,,2019/05/10
17604,SUSSUARANA,TO1703008BAST00008,fazenda Sussuarana,,3,Bem Arqueológico,BA,286,Sem classificação,4,Sítio,ST,,2019/05/10
17605,BARRA DO OURO IV,TO1703073BAST00001,Fazenda Binotto,,3,Bem Arqueológico,BA,286,Sem classificação,4,Sítio,ST,,2019/05/10
17606,BARRA DO OURO I,TO1703073BAST00002,fazenda Binotto,,3,Bem Arqueológico,BA,286,Sem classificação,4,Sítio,ST,,2019/05/10
17607,DA BARRA,TO1703073BAST00003,fazenda Cantinho,,3,Bem Arqueológico,BA,286,Sem classificação,4,Sítio,ST,,2019/05/10
17608,Barra do Ouro III,TO1703073BAST00004,Fazenda Ilha.,,3,Bem Arqueológico,BA,286,Sem classificação,4,Sítio,ST,,2019/05/10
17762,DARCINÓPOLIS I,TO1706506BAST00002,fazenda Alto Alegre,,3,Bem Arqueológico,BA,286,Sem classificação,4,Sítio,ST,,2019/05/10
17774,Abrigo Santa Helena,MA2104057BAST00001,Ilha dos Campos,,3,Bem Arqueológico,BA,286,Sem classificação,4,Sítio,ST,,2019/05/10
17775,SANTA HELENA II,MA2104057BAST00002,Ilha dos Campos,,3,Bem Arqueológico,BA,286,Sem classificação,4,Sítio,ST,,2019/05/10
17779,CABAL,TO1707702BAST00001,fazenda Carolina,,3,Bem Arqueológico,BA,286,Sem classificação,4,Sítio,ST,,2019/05/10
17780,TABULEIRO,TO1707702BAST00002,Chacará Três Marias,,3,Bem Arqueológico,BA,286,Sem classificação,4,Sítio,ST,,2019/05/10
17781,TARTARUGA,TO1707702BAST00003,fazenda Pequizeiro,,3,Bem Arqueológico,BA,286,Sem classificação,4,Sítio,ST,,2019/05/10
17782,PEDRAL II,TO1707702BAST00004,fazenda Matão,,3,Bem Arqueológico,BA,286,Sem classificação,4,Sítio,ST,,2019/05/10
17783,PEDRAL,TO1707702BAST00005,fazenmda Barra do Caracol,,3,Bem Arqueológico,BA,286,Sem classificação,4,Sítio,ST,,2019/05/10
17784,BARRANCO,TO1707702BAST00006,Fazenda Pé do Morro,,3,Bem Arqueológico,BA,286,Sem classificação,4,Sítio,ST,,2019/05/10
17785,SANGRADOR,TO1707702BAST00007,fazenda Grota Sangrador,,3,Bem Arqueológico,BA,286,Sem classificação,4,Sítio,ST,,2019/05/10
17786,MONTE SANTO,TO1707702BAST00008,fazenda Monte Santo,,3,Bem Arqueológico,BA,286,Sem classificação,4,Sítio,ST,,2019/05/10
17787,LIMEIRA I,TO1707702BAST00009,região de Grotão,,3,Bem Arqueológico,BA,286,Sem classificação,4,Sítio,ST,,2019/05/10
17788,LIMEIRA II,TO1707702BAST00010,gleba da fazenda Monte Santo,,3,Bem Arqueológico,BA,286,Sem classificação,4,Sítio,ST,,2019/05/10
17789,BEIRADEIRO,TO1707702BAST00011,fazenda Água Boa,,3,Bem Arqueológico,BA,286,Sem classificação,4,Sítio,ST,,2019/05/10
17790,CORREDEIRA,TO1707702BAST00012,fazenda Limpo Grande,,3,Bem Arqueológico,BA,286,Sem classificação,4,Sítio,ST,,2019/05/10
17791,BARRA DA MELANCIA,TO1707702BAST00013,Fazenda Barra da Melancia,,3,Bem Arqueológico,BA,286,Sem classificação,4,Sítio,ST,,2019/05/10
17792,ILHA DOS BOTES II,TO1707702BAST00014,Ilha dos Botes,,3,Bem Arqueológico,BA,286,Sem classificação,4,Sítio,ST,,2019/05/10
17793,ILHA DOS BOTES I,TO1707702BAST00015,Ilha dos Botes,,3,Bem Arqueológico,BA,286,Sem classificação,4,Sítio,ST,,2019/05/10
17794,VITÓRIA,TO1707702BAST00016,fazenda Vitória,,3,Bem Arqueológico,BA,286,Sem classificação,4,Sítio,ST,,2019/05/10
17795,TRAVESSIA,TO1707702BAST00017,ignorada,,3,Bem Arqueológico,BA,286,Sem classificação,4,Sítio,ST,,2019/05/10
17864,GOIATINS II,TO1709005BAST00006,fazenda Matinha,,3,Bem Arqueológico,BA,286,Sem classificação,4,Sítio,ST,,2019/05/10
17865,GOIATINS,TO1709005BAST00007,fazenda Matinha,,3,Bem Arqueológico,BA,286,Sem classificação,4,Sítio,ST,,2019/05/10
17879,Taboquinha II,TO1710904BAST00002,Fazenda Taboquinha,,3,Bem Arqueológico,BA,286,Sem classificação,4,Sítio,ST,,2019/05/10
17881,TABOQUINHA I,TO1710904BAST00004,fazenda Taboquinha,,3,Bem Arqueológico,BA,286,Sem classificação,4,Sítio,ST,,2019/05/10
17955,Ruinas de São Luís,TO1714203BAST00004,Sem localidade,,3,Bem Arqueológico,BA,286,Sem classificação,4,Sítio,ST,,2019/05/10
17959,CUNHÃ,TO1715705BAST00014,Chacará Recanto,,3,Bem Arqueológico,BA,286,Sem classificação,4,Sítio,ST,,2019/05/10
17960,COBRA VERDE,TO1715705BAST00015,não identificado,,3,Bem Arqueológico,BA,286,Sem classificação,4,Sítio,ST,,2019/05/10
17961,CANA BRAVA II,TO1715705BAST00016,fazenda São Francisco,,3,Bem Arqueológico,BA,286,Sem classificação,4,Sítio,ST,,2019/05/10
17962,CANA BRAVA I,TO1715705BAST00017,fazenda São Francisco,,3,Bem Arqueológico,BA,286,Sem classificação,4,Sítio,ST,,2019/05/10
17963,ABRIGO DO CROATÁ,TO1713809BAST00001,Fazenda Rio das Pedras,,3,Bem Arqueológico,BA,286,Sem classificação,4,Sítio,ST,,2019/05/10
17964,CROATÁ II,TO1713809BAST00002,fazenda Rio das Pedras,,3,Bem Arqueológico,BA,286,Sem classificação,4,Sítio,ST,,2019/05/10
17965,ANGICO,TO1713809BAST00003,Fazenda Santo Antonio,,3,Bem Arqueológico,BA,286,Sem classificação,4,Sítio,ST,,2019/05/10
17966,CACHOEIRINHA II,TO1713809BAST00004,fazenda Cachoeirinha,,3,Bem Arqueológico,BA,286,Sem classificação,4,Sítio,ST,,2019/05/10
17967,BURITIZINHO VI,TO1713809BAST00005,fazenda Buritizinho,,3,Bem Arqueológico,BA,286,Sem classificação,4,Sítio,ST,,2019/05/10
17968,BURITIZINHO V,TO1713809BAST00006,fazenda Buritizinho,,3,Bem Arqueológico,BA,286,Sem classificação,4,Sítio,ST,,2019/05/10
17986,Dois Irmãos,TO1716505BAST00012,Fazenda Dois Irmãos,,3,Bem Arqueológico,BA,286,Sem classificação,4,Sítio,ST,,2019/05/10
18639,SÍTIO RIBEIRÃO DE PEDRAS,TO1703008BAST00020,Fazenda Santarém,,3,Bem Arqueológico,BA,286,Sem classificação,4,Sítio,ST,,2019/05/10
18377,Descanço,TO1715259BAST00002,Fazenda Descanço,,3,Bem Arqueológico,BA,286,Sem classificação,4,Sítio,ST,,2019/05/10
18161,Sítio do Pinga lV,TO1700301BAST00005,Sem localidade,,3,Bem Arqueológico,BA,286,Sem classificação,4,Sítio,ST,,2019/05/10
18162,Sítio Grota Seca I,TO1700301BAST00006,Fazenda Camila,,3,Bem Arqueológico,BA,286,Sem classificação,4,Sítio,ST,,2019/05/10
18163,Sítio Capela,TO1700301BAST00007,Capela de São João Batista.,,3,Bem Arqueológico,BA,286,Sem classificação,4,Sítio,ST,,2019/05/10
18640,Barrinha,TO1718758BAST00003,Fazenda Canadá,,3,Bem Arqueológico,BA,286,Sem classificação,4,Sítio,ST,,2019/05/10
18165,Sítio Guaipeba,TO1713809BAST00007,Fazenda Curicaca,,3,Bem Arqueológico,BA,286,Sem classificação,4,Sítio,ST,,2019/05/10
18166,Sítio Abrigo da Aroeira,TO1713809BAST00008,Sem localidade,,3,Bem Arqueológico,BA,286,Sem classificação,4,Sítio,ST,,2019/05/10
18167,Sítio Abrigo do Beija-flor,TO1713809BAST00009,Sem localidade,,3,Bem Arqueológico,BA,286,Sem classificação,4,Sítio,ST,,2019/05/10
18168,Sítio Buritizinho II,TO1713809BAST00010,Buritizinho,,3,Bem Arqueológico,BA,286,Sem classificação,4,Sítio,ST,,2019/05/10
18169,Sítio Buritizinho IV,TO1713809BAST00011,Sem localidade,,3,Bem Arqueológico,BA,286,Sem classificação,4,Sítio,ST,,2019/05/10
18170,Sítio do Boto,TO1713809BAST00012,Sem localidade,,3,Bem Arqueológico,BA,286,Sem classificação,4,Sítio,ST,,2019/05/10
18171,Sítio Buritizinho III,TO1713809BAST00013,Sem localidade,,3,Bem Arqueológico,BA,286,Sem classificação,4,Sítio,ST,,2019/05/10
18172,Sitio da Praia,TO1713809BAST00014,Sem localidade,,3,Bem Arqueológico,BA,286,Sem classificação,4,Sítio,ST,,2019/05/10
18173,Sítio Jatobá,TO1713809BAST00015,Sem localidade,,3,Bem Arqueológico,BA,286,Sem classificação,4,Sítio,ST,,2019/05/10
18179,Sítio Alto Bonito,TO1706506BAST00003,Fazenda Lapeira,,3,Bem Arqueológico,BA,286,Sem classificação,4,Sítio,ST,,2019/05/10
18180,Cartucho,TO1709005BAST00009,Cartucho,,3,Bem Arqueológico,BA,286,Sem classificação,4,Sítio,ST,,2019/05/10
18181,Tauá,TO1709005BAST00010,Povoado Tauá,,3,Bem Arqueológico,BA,286,Sem classificação,4,Sítio,ST,,2019/05/10
18182,Chapadinha,TO1709005BAST00011,Fazenda Chapadinha,,3,Bem Arqueológico,BA,286,Sem classificação,4,Sítio,ST,,2019/05/10
18183,Recreio,TO1709005BAST00012,Fazenda Recreio,,3,Bem Arqueológico,BA,286,Sem classificação,4,Sítio,ST,,2019/05/10
18185,Baixão,TO1710508BAST00001,Sem localidade,,3,Bem Arqueológico,BA,286,Sem classificação,4,Sítio,ST,,2019/05/10
18188,Cajazeiro,TO1716505BAST00013,Fazenda Poço Azul,,3,Bem Arqueológico,BA,286,Sem classificação,4,Sítio,ST,,2019/05/10
18234,Sítio Missão - GO-PA-074-GO,TO1707009BAST00018,Localidade chamada de Missões,,3,Bem Arqueológico,BA,286,Sem classificação,4,Sítio,ST,,2019/05/10
18235,Sítio Jatobá,TO1707009BAST00019,Sem localidade,,3,Bem Arqueológico,BA,286,Sem classificação,4,Sítio,ST,,2019/05/10
18241,SÍTIO ABRIGO DA  MATANÇA,TO1703008BAST00009,Fazenda Flecha Dourada,,3,Bem Arqueológico,BA,286,Sem classificação,4,Sítio,ST,,2019/05/10
18242,SÍTIO MATRINXÃ,TO1703008BAST00010,Fazenda Morro Grande,,3,Bem Arqueológico,BA,286,Sem classificação,4,Sítio,ST,,2019/05/10
18243,SÍTIO OURO NEGRO,TO1703008BAST00011,Chácara Ouro Verde - Fazenda Santarém,,3,Bem Arqueológico,BA,286,Sem classificação,4,Sítio,ST,,2019/05/10
18244,ABRIGO DOS COELHOS,TO1703008BAST00012,Fazenda do Buritizal,,3,Bem Arqueológico,BA,286,Sem classificação,4,Sítio,ST,,2019/05/10
18300,ABRIGO DA PORTEIRA,TO1706506BAST00004,Fazenda Porteira,,3,Bem Arqueológico,BA,286,Sem classificação,4,Sítio,ST,,2019/05/10
18301,Sítio Sucurui I,TO1707009BAST00020,Fazenda Água Trafo próximo da divisa da com a fazenda Vale Verde,,3,Bem Arqueológico,BA,286,Sem classificação,4,Sítio,ST,,2019/05/10
18302,Sítio Açude II,TO1707009BAST00021,Fazenda,,3,Bem Arqueológico,BA,286,Sem classificação,4,Sítio,ST,,2019/05/10
18303,Sítio Santa Maria,TO1707009BAST00022,Sem localidade,,3,Bem Arqueológico,BA,286,Sem classificação,4,Sítio,ST,,2019/05/10
18304,Tamburil,TO1707009BAST00023,Fazenda Porto Franco,,3,Bem Arqueológico,BA,286,Sem classificação,4,Sítio,ST,,2019/05/10
18305,Caverna da Areia,TO1707009BAST00024,Fazenda Varjão,,3,Bem Arqueológico,BA,286,Sem classificação,4,Sítio,ST,,2019/05/10
18376,Palmeiras,TO1715259BAST00001,Sem localidade,,3,Bem Arqueológico,BA,286,Sem classificação,4,Sítio,ST,,2019/05/10
18432,Gruta da Escalada,TO1720903BAST00005,Fazenda União,,3,Bem Arqueológico,BA,286,Sem classificação,4,Sítio,ST,,2019/05/10
18433,Abrigo do Funil,TO1720903BAST00006,Fazenda Taguatinga,,3,Bem Arqueológico,BA,286,Sem classificação,4,Sítio,ST,,2019/05/10
18428,Taguatinga,TO1720903BAST00001,Fazenda Butiti Grande,,3,Bem Arqueológico,BA,286,Sem classificação,4,Sítio,ST,,2019/05/10
18429,Abrigo do Quati II,TO1720903BAST00002,Fazenda Quati,,3,Bem Arqueológico,BA,286,Sem classificação,4,Sítio,ST,,2019/05/10
18430,Abrigo do Quati I,TO1720903BAST00003,Fazenda Quati,,3,Bem Arqueológico,BA,286,Sem classificação,4,Sítio,ST,,2019/05/10
18431,Mimosa,TO1720903BAST00004,Chácara Mimosa,,3,Bem Arqueológico,BA,286,Sem classificação,4,Sítio,ST,,2019/05/10
18434,Abrigo dos Tapuios,TO1720903BAST00007,Fazenda Lagoinha,,3,Bem Arqueológico,BA,286,Sem classificação,4,Sítio,ST,,2019/05/10
18435,Gruta dos Tapuios II,TO1720903BAST00008,Fazenda União,,3,Bem Arqueológico,BA,286,Sem classificação,4,Sítio,ST,,2019/05/10
18436,Lagoinha - II,TO1720903BAST00009,Fazenda Logoinha,,3,Bem Arqueológico,BA,286,Sem classificação,4,Sítio,ST,,2019/05/10
18437,Abrigo do Jenipapeiro II,TO1720903BAST00010,Fazenda Santa Cruz,,3,Bem Arqueológico,BA,286,Sem classificação,4,Sítio,ST,,2019/05/10
18438,Abrigo do Jenipapeiro I,TO1720903BAST00011,Fazenda Sana Cruz,,3,Bem Arqueológico,BA,286,Sem classificação,4,Sítio,ST,,2019/05/10
18439,Abrigo do Salitre - I,TO1720903BAST00012,Fazenda Pau Jaú,,3,Bem Arqueológico,BA,286,Sem classificação,4,Sítio,ST,,2019/05/10
18440,Porto Alegre,TO1720903BAST00013,Fazenda Porto Alegre,,3,Bem Arqueológico,BA,286,Sem classificação,4,Sítio,ST,,2019/05/10
18441,Gruta do Gonçalo,TO1720903BAST00014,Fazenda Morro Preto,,3,Bem Arqueológico,BA,286,Sem classificação,4,Sítio,ST,,2019/05/10
18442,Gruta dos Caldeirões,TO1720903BAST00015,Fazenda Caldeirões,,3,Bem Arqueológico,BA,286,Sem classificação,4,Sítio,ST,,2019/05/10
18448,Sítio do Pinga II,TO1700301BAST00008,Sem localidade,,3,Bem Arqueológico,BA,286,Sem classificação,4,Sítio,ST,,2019/05/10
18449,Sítio do Pinga I,TO1700301BAST00009,Sem localidade,,3,Bem Arqueológico,BA,286,Sem classificação,4,Sítio,ST,,2019/05/10
18497,Sítio Curiango,TO1713809BAST00016,Sem localidade,,3,Bem Arqueológico,BA,286,Sem classificação,4,Sítio,ST,,2019/05/10
18498,Sítio Pedras Brancas,TO1713809BAST00017,Fazenda Curicaca,,3,Bem Arqueológico,BA,286,Sem classificação,4,Sítio,ST,,2019/05/10
18499,Sítio Cachoeirinha I,TO1713809BAST00018,Fazenda Santo Antônio,,3,Bem Arqueológico,BA,286,Sem classificação,4,Sítio,ST,,2019/05/10
18500,Sítio Pedra Riscada,TO1713809BAST00019,Fazenda Praia do Livramento,,3,Bem Arqueológico,BA,286,Sem classificação,4,Sítio,ST,,2019/05/10
18501,Sítio Buritizinho I,TO1713809BAST00020,Buritizinho,,3,Bem Arqueológico,BA,286,Sem classificação,4,Sítio,ST,,2019/05/10
18502,Sítio Cajuí,TO1713809BAST00021,Fazenda Buritizinho,,3,Bem Arqueológico,BA,286,Sem classificação,4,Sítio,ST,,2019/05/10
18503,Sítio Três Colinas,TO1713809BAST00022,Fazenda Buritizinho,,3,Bem Arqueológico,BA,286,Sem classificação,4,Sítio,ST,,2019/05/10
18504,Sítio Bela Vista,TO1713809BAST00023,Fazenda Santa Rita,,3,Bem Arqueológico,BA,286,Sem classificação,4,Sítio,ST,,2019/05/10
18513,Sítio Duas Colinas,TO1706506BAST00005,Sem localidade,,3,Bem Arqueológico,BA,286,Sem classificação,4,Sítio,ST,,2019/05/10
18514,Síto Curicaca IV,TO1706506BAST00006,Sem localidade,,3,Bem Arqueológico,BA,286,Sem classificação,4,Sítio,ST,,2019/05/10
18515,Sítio da Grota I,TO1706506BAST00007,Sem localidade,,3,Bem Arqueológico,BA,286,Sem classificação,4,Sítio,ST,,2019/05/10
18516,Sítio Curicaca II,TO1706506BAST00008,Sem localidade,,3,Bem Arqueológico,BA,286,Sem classificação,4,Sítio,ST,,2019/05/10
18517,Sítio Rochedo,TO1706506BAST00009,Sem localidade,,3,Bem Arqueológico,BA,286,Sem classificação,4,Sítio,ST,,2019/05/10
18518,Sítio Lajedo,TO1706506BAST00010,Sem localidade,,3,Bem Arqueológico,BA,286,Sem classificação,4,Sítio,ST,,2019/05/10
18519,Sítio da Grota II,TO1706506BAST00011,Sem localidade,,3,Bem Arqueológico,BA,286,Sem classificação,4,Sítio,ST,,2019/05/10
18632,ABRIGO  CAJUEIRO I,TO1703008BAST00013,Fazenda Cajueiro,,3,Bem Arqueológico,BA,286,Sem classificação,4,Sítio,ST,,2019/05/10
18633,ABRIGO DO BACURÍ,TO1703008BAST00014,Serra do Bacurí - Fazenda Santarem,,3,Bem Arqueológico,BA,286,Sem classificação,4,Sítio,ST,,2019/05/10
18634,ABRIGO DO SOL,TO1703008BAST00015,"Serra do Mosquito, Fazenda Santarém",,3,Bem Arqueológico,BA,286,Sem classificação,4,Sítio,ST,,2019/05/10
18635,SÍTIO ALTO SANTARÉM I,TO1703008BAST00016,Fazenda Santarém,,3,Bem Arqueológico,BA,286,Sem classificação,4,Sítio,ST,,2019/05/10
18636,SÍTIO ESPERANÇA,TO1703008BAST00017,Chácara Boa Esperança,,3,Bem Arqueológico,BA,286,Sem classificação,4,Sítio,ST,,2019/05/10
18637,SÍTIO ALTO SANTARÉM II,TO1703008BAST00018,Chácara Ouro Verde - Fazenda Santarém,,3,Bem Arqueológico,BA,286,Sem classificação,4,Sítio,ST,,2019/05/10
18638,MUNDO NOVO,TO1703008BAST00019,Fazenda Santarem,,3,Bem Arqueológico,BA,286,Sem classificação,4,Sítio,ST,,2019/05/10
18641,Bem Viver,TO1701101BAST00006,Chacara Bem Viver,,3,Bem Arqueológico,BA,286,Sem classificação,4,Sítio,ST,,2019/05/10
18642,Entre Rios I,TO1701101BAST00007,Fazenda Entre Rios,,3,Bem Arqueológico,BA,286,Sem classificação,4,Sítio,ST,,2019/05/10
18643,Entre Rios II,TO1701101BAST00008,Fazenda Entre Rios,,3,Bem Arqueológico,BA,286,Sem classificação,4,Sítio,ST,,2019/05/10
18644,Faveira,TO1718758BAST00004,Bonfinópolis (distrito de Rio Sono),,3,Bem Arqueológico,BA,286,Sem classificação,4,Sítio,ST,,2019/05/10
18645,Itacajá,TO1710508BAST00002,Fazenda Novo Acordo,,3,Bem Arqueológico,BA,286,Sem classificação,4,Sítio,ST,,2019/05/10
18646,Jaó,TO1710508BAST00003,Antiga Fazenda Jaó,,3,Bem Arqueológico,BA,286,Sem classificação,4,Sítio,ST,,2019/05/10
18647,Poço Azul,TO1701101BAST00009,Fazenda Poço Azul,,3,Bem Arqueológico,BA,286,Sem classificação,4,Sítio,ST,,2019/05/10
18648,São José,TO1709005BAST00013,Fazenda São José,,3,Bem Arqueológico,BA,286,Sem classificação,4,Sítio,ST,,2019/05/10
18649,Taboca,TO1718758BAST00005,Fazenda Boa Esperança,,3,Bem Arqueológico,BA,286,Sem classificação,4,Sítio,ST,,2019/05/10
18650,Sítio Dianópolis,TO1707009BAST00025,Fazenda Agropecuária Agrotrafo LTDA,,3,Bem Arqueológico,BA,286,Sem classificação,4,Sítio,ST,,2019/05/10
20730,Lontra II - Torre 582,TO1702109BAST00003,Sem localidade,,3,Bem Arqueológico,BA,286,Sem classificação,4,Sítio,ST,,2019/05/10
19365,Fazenda Barreiro do Timbó,TO1707009BAST00026,ADA - Complexo Hidrelétrico Rio Palmeiras - TO,,3,Bem Arqueológico,BA,286,Sem classificação,4,Sítio,ST,,2019/05/10
19366,Cascalheira 4,TO1707009BAST00027,ADA - Complexo Hidrelétrico Rio Palmeiras - TO,,3,Bem Arqueológico,BA,286,Sem classificação,4,Sítio,ST,,2019/05/10
19367,Fazenda Amaralina,TO1707009BAST00028,ADA - Complexo Hidrelétrico Rio Palmeiras - TO,,3,Bem Arqueológico,BA,286,Sem classificação,4,Sítio,ST,,2019/05/10
19368,Fazenda Palmeira,TO1707009BAST00029,ADA - Complexo Hidrelétrico Rio Palmeiras - TO,,3,Bem Arqueológico,BA,286,Sem classificação,4,Sítio,ST,,2019/05/10
19655,TORRE I-C 387 À 388 (ou 161.2  À 162.1),TO1706506BAST00013,Fazenda Vão da Mangaba,,3,Bem Arqueológico,BA,286,Sem classificação,4,Sítio,ST,,2019/05/10
19419,Canto Verde,TO1716109BAST00002,Chácara Canto Verde,,3,Bem Arqueológico,BA,286,Sem classificação,4,Sítio,ST,,2019/05/10
19433,Campestre - Torre 26 a 30,TO1705508BAST00003,"FAZENDA CAMPESTRE(1 : 9.3-10.1)/ SITIO BOCANA (2 : 10.2)/
FAZENDA BOCAINA  (3 : 11.1-11.2)",,3,Bem Arqueológico,BA,286,Sem classificação,4,Sítio,ST,,2019/05/10
19434,Lajeado 40,TO1712009BAST00058,Margem esquerda do rio Tocantins,,3,Bem Arqueológico,BA,286,Sem classificação,4,Sítio,ST,,2019/05/10
19613,Brejo Redondo 4,TO1712009BAST00074,Brejo Redondo,,3,Bem Arqueológico,BA,286,Sem classificação,4,Sítio,ST,,2019/05/10
19614,Pilões 18,TO1712009BAST00075,Margem direita do rio Tocantins,,3,Bem Arqueológico,BA,286,Sem classificação,4,Sítio,ST,,2019/05/10
24318,SÍTIO ARQUEOLÓGICO PEDRA CANGA 1,TO1712009BAST00083,Estrada vicinal que margeia o Rio Lajeado,,3,Bem Arqueológico,BA,40,Histórico,4,Sítio,ST,"SÍTIO ARQUEOLÓGICO PEDRA CANGA 1, localizado(a) no estado de Tocantins, cidade(s) de Lajeado, é um Bem Arqueológico, do tipo Sítio, com estado de conservação Regular e de preservação Pouco Alterado.
Isolamento com cerca de mourão e arame; sinalização co",2019/10/16
19598,Lajeadinho,TO1712009BAST00059,"Está 100m à direita do córrego Graveto e 300m à esquerda do córrego do Lajeadinho, na marg...",,3,Bem Arqueológico,BA,286,Sem classificação,4,Sítio,ST,,2019/05/10
19599,Lajeado 33,TO1712009BAST00060,Margem esquerda do rio Tocantins,,3,Bem Arqueológico,BA,286,Sem classificação,4,Sítio,ST,,2019/05/10
19600,Lajeado 21,TO1712009BAST00061,"Margem esquerda do córrego Lajeadinho, a cerca de 200m.",,3,Bem Arqueológico,BA,286,Sem classificação,4,Sítio,ST,,2019/05/10
19601,Lajeado 46,TO1712009BAST00062,Margem esquerda do rio Tocantins,,3,Bem Arqueológico,BA,286,Sem classificação,4,Sítio,ST,,2019/05/10
19602,Lajeado 45,TO1712009BAST00063,Margem direita do rio Tocantins,,3,Bem Arqueológico,BA,286,Sem classificação,4,Sítio,ST,,2019/05/10
19603,Lajeado 18,TO1712009BAST00064,Margem esquerda do Tocantins (a 450m)/ a aproximadamente 800m do eixo da barragem.,,3,Bem Arqueológico,BA,286,Sem classificação,4,Sítio,ST,,2019/05/10
19604,Mirindiba 5,TO1712009BAST00065,Margem direita do Tocantins,,3,Bem Arqueológico,BA,286,Sem classificação,4,Sítio,ST,,2019/05/10
19605,Mirindiba 4,TO1712009BAST00066,Margem direita do rio Tocantins,,3,Bem Arqueológico,BA,286,Sem classificação,4,Sítio,ST,,2019/05/10
19606,Lajeado 17,TO1712009BAST00067,Margem esquerda do rio Tocantins,,3,Bem Arqueológico,BA,286,Sem classificação,4,Sítio,ST,,2019/05/10
19607,Lajeado 39,TO1712009BAST00068,"Margem esquerda do rio Tocantins, em frente ao rio Lajeado Grande.",,3,Bem Arqueológico,BA,286,Sem classificação,4,Sítio,ST,,2019/05/10
19608,Mirindiba 13,TO1712009BAST00069,Margem direita do Tocantins e margem esquerda do córrego Mirindiba,,3,Bem Arqueológico,BA,286,Sem classificação,4,Sítio,ST,,2019/05/10
19609,Lajeado 36,TO1712009BAST00070,"Margem esquerda do rio Tocantins, em frente à sede da fazenda.",,3,Bem Arqueológico,BA,286,Sem classificação,4,Sítio,ST,,2019/05/10
19610,Lajeado 37,TO1712009BAST00071,"Margem esquerda do rio Tocantins, distante 10m do sítio Lajeado 36, separados por um ribeirão.",,3,Bem Arqueológico,BA,286,Sem classificação,4,Sítio,ST,,2019/05/10
19611,Mirindiba 12,TO1712009BAST00072,Margem direita do Tocantins e margem esquerda do córrego Mirindiba,,3,Bem Arqueológico,BA,286,Sem classificação,4,Sítio,ST,,2019/05/10
19612,Lajeado 35,TO1712009BAST00073,Margem esquerda do rio Tocantins,,3,Bem Arqueológico,BA,286,Sem classificação,4,Sítio,ST,,2019/05/10
19615,Mirindiba 3,TO1712009BAST00076,Margem direita do rio Tocantins,,3,Bem Arqueológico,BA,286,Sem classificação,4,Sítio,ST,,2019/05/10
19616,Pilões 16,TO1712009BAST00077,Margem direita do rio Tocantins,,3,Bem Arqueológico,BA,286,Sem classificação,4,Sítio,ST,,2019/05/10
19617,Brejo Redondo 2,TO1712009BAST00078,Brejo Redondo,,3,Bem Arqueológico,BA,286,Sem classificação,4,Sítio,ST,,2019/05/10
19618,Pilões 13,TO1712009BAST00079,Margem direita do Tocantins,,3,Bem Arqueológico,BA,286,Sem classificação,4,Sítio,ST,,2019/05/10
19619,Caracol 2,TO1721000BAST00087,"Margem esquerda do rio Tocantins, margme direita do ribeirão Cracol, passando a fazenda Pa...",,3,Bem Arqueológico,BA,286,Sem classificação,4,Sítio,ST,,2019/05/10
19625,Apinajé 4,TO1720499BAST00005,Chácara Águas Marinhas,,3,Bem Arqueológico,BA,286,Sem classificação,4,Sítio,ST,,2019/05/10
19620,Altamira,TO1716604BAST00009,Sem localidade,,3,Bem Arqueológico,BA,286,Sem classificação,4,Sítio,ST,,2019/05/10
19621,Lagoa dos Buritis I,TO1716604BAST00010,Sem localidade,,3,Bem Arqueológico,BA,286,Sem classificação,4,Sítio,ST,,2019/05/10
19622,Narciso 1,TO1718204BAST00042,"Margem esquerda do rio Tocantins, junto ao córrego do Narciso",,3,Bem Arqueológico,BA,286,Sem classificação,4,Sítio,ST,,2019/05/10
19627,DARCINÓPOLIS II,TO1706506BAST00012,fazenda Santa Rita,,3,Bem Arqueológico,BA,286,Sem classificação,4,Sítio,ST,,2019/05/10
19642,Estreito - Torre 302,MA2109007BAST00001,FAZENDA OURO VERDE,,3,Bem Arqueológico,BA,286,Sem classificação,4,Sítio,ST,,2019/05/10
19806,Sítio Gurupi VI,TO1709500BAST00014,Fazenda Tanabi,,3,Bem Arqueológico,BA,286,Sem classificação,4,Sítio,ST,,2019/05/10
19815,Sítio Pilão,TO1713205BAST00049,Fazenda Canaã,,3,Bem Arqueológico,BA,286,Sem classificação,4,Sítio,ST,,2019/05/10
19816,Sítio Canaã,TO1713205BAST00050,Fazenda Canaã,,3,Bem Arqueológico,BA,286,Sem classificação,4,Sítio,ST,,2019/05/10
19828,Sítio Sucupira I,TO1720853BAST00002,Fazenda Boa Sorte,,3,Bem Arqueológico,BA,286,Sem classificação,4,Sítio,ST,,2019/05/10
19829,Sítio Sucupira II,TO1720853BAST00003,Fazenda Santa Paula do Norte,,3,Bem Arqueológico,BA,286,Sem classificação,4,Sítio,ST,,2019/05/10
19979,Nova Betânia,TO1702406BAST00023,Sem localidade,,3,Bem Arqueológico,BA,286,Sem classificação,4,Sítio,ST,,2019/05/10
19980,Arraias 2,TO1702406BAST00024,Sem localidade,,3,Bem Arqueológico,BA,286,Sem classificação,4,Sítio,ST,,2019/05/10
19981,Palmares,TO1702406BAST00025,Sem localidade,,3,Bem Arqueológico,BA,286,Sem classificação,4,Sítio,ST,,2019/05/10
19982,Arraias 1,TO1702406BAST00026,Sem localidade,,3,Bem Arqueológico,BA,286,Sem classificação,4,Sítio,ST,,2019/05/10
19984,Sítio Curicaca I,TO1713809BAST00024,Fazenda Alto Alegre,,3,Bem Arqueológico,BA,286,Sem classificação,4,Sítio,ST,,2019/05/10
19988,Sítio Abrigo do Quati,TO1706506BAST00014,Sem localidade,,3,Bem Arqueológico,BA,286,Sem classificação,4,Sítio,ST,,2019/05/10
19989,Sitío Xupé I,TO1706506BAST00015,Alto do Bonito,,3,Bem Arqueológico,BA,286,Sem classificação,4,Sítio,ST,,2019/05/10
19990,Sítio Xupé II,TO1706506BAST00016,"Alto do Bonito


Alto Bonito",,3,Bem Arqueológico,BA,286,Sem classificação,4,Sítio,ST,,2019/05/10
19991,Sítio do Coco II,TO1706506BAST00017,Sem localidade,,3,Bem Arqueológico,BA,286,Sem classificação,4,Sítio,ST,,2019/05/10
19992,Sitío do Coco I,TO1706506BAST00018,Sem localidade,,3,Bem Arqueológico,BA,286,Sem classificação,4,Sítio,ST,,2019/05/10
19993,Sítio Laje II,TO1706506BAST00019,Sem localidade,,3,Bem Arqueológico,BA,286,Sem classificação,4,Sítio,ST,,2019/05/10
19994,Sítio Laje I,TO1706506BAST00020,Sem localidade,,3,Bem Arqueológico,BA,286,Sem classificação,4,Sítio,ST,,2019/05/10
19995,Sítio Ravina Grande,TO1706506BAST00021,Fazenda Akiri,,3,Bem Arqueológico,BA,286,Sem classificação,4,Sítio,ST,,2019/05/10
19996,Sítio Campo Alegre III,TO1706506BAST00022,Fazenda Akiri,,3,Bem Arqueológico,BA,286,Sem classificação,4,Sítio,ST,,2019/05/10
19999,Sítio Grota Seca III,TO1700301BAST00010,Fazenda Prainha,,3,Bem Arqueológico,BA,286,Sem classificação,4,Sítio,ST,,2019/05/10
20218,Fazenda Santa Rosa,TO1718907BAST00006,Fazenda Santa Rosa,,3,Bem Arqueológico,BA,286,Sem classificação,4,Sítio,ST,,2019/05/10
20201,Papa Mel,TO1716505BAST00014,Área Urbana,,3,Bem Arqueológico,BA,286,Sem classificação,4,Sítio,ST,,2019/05/10
20202,Olaria,TO1716505BAST00015,Chacara Olaria,,3,Bem Arqueológico,BA,286,Sem classificação,4,Sítio,ST,,2019/05/10
20203,Lajes 1,TO1718204BAST00043,"margem esquerda do rio Tocantins, próximo à sede da antiga Fazenda Lajes",,3,Bem Arqueológico,BA,286,Sem classificação,4,Sítio,ST,,2019/05/10
20211,Padre Antônio 1,TO1703701BAST00024,"Margem esquerda do rio Tocantins, próximo à área da Malhadinha, em direção ao Tocantins.",,3,Bem Arqueológico,BA,286,Sem classificação,4,Sítio,ST,,2019/05/10
20212,Areia Grossa 2,TO1703701BAST00025,"Localidade conhecida como fazenda velha, margem esquerda do Tocantins, entre a areia gross...",,3,Bem Arqueológico,BA,286,Sem classificação,4,Sítio,ST,,2019/05/10
20213,Mirindiba 2,TO1721000BAST00088,Sem localidade,,3,Bem Arqueológico,BA,286,Sem classificação,4,Sítio,ST,,2019/05/10
20214,Cemitério da Fazenda Engenho,TO1718907BAST00002,Fazenda Engenho,,3,Bem Arqueológico,BA,286,Sem classificação,4,Sítio,ST,,2019/05/10
20215,Apinajé 1,TO1718907BAST00003,"Porto Conceição, próximo ao distrito de Apinajé",,3,Bem Arqueológico,BA,286,Sem classificação,4,Sítio,ST,,2019/05/10
20216,Apinajé 2,TO1718907BAST00004,Sem localidade,,3,Bem Arqueológico,BA,286,Sem classificação,4,Sítio,ST,,2019/05/10
20217,Apinajé 3,TO1718907BAST00005,Sem localidade,,3,Bem Arqueológico,BA,286,Sem classificação,4,Sítio,ST,,2019/05/10
20219,Santa Rosa,TO1718907BAST00007,Centro ao lado,,3,Bem Arqueológico,BA,286,Sem classificação,4,Sítio,ST,,2019/05/10
20220,Fazenda Engenho,TO1718907BAST00008,Fazenda Engenho (Açude),,3,Bem Arqueológico,BA,286,Sem classificação,4,Sítio,ST,,2019/05/10
20241,Lajeado Usininha,TO1712009BAST00080,Próximo à usina hidrelétrica do Lajeado,,3,Bem Arqueológico,BA,286,Sem classificação,4,Sítio,ST,,2019/05/10
20243,SÃO JUDAS TADEU II,TO1713205BAST00051,FAZENDA SÃO JUDAS TADEU,,3,Bem Arqueológico,BA,286,Sem classificação,4,Sítio,ST,,2019/05/10
20244,Serragem 1,TO1713205BAST00052,Sem localidade,,3,Bem Arqueológico,BA,286,Sem classificação,4,Sítio,ST,,2019/05/10
20246,Bebedouro,TO1720655BAST00003,Fazenda Bebedouro,,3,Bem Arqueológico,BA,286,Sem classificação,4,Sítio,ST,,2019/05/10
20248,Mares 2,TO1713205BAST00053,Sem localidade,,3,Bem Arqueológico,BA,286,Sem classificação,4,Sítio,ST,,2019/05/10
20249,Mares 1,TO1713205BAST00054,Sem localidade,,3,Bem Arqueológico,BA,286,Sem classificação,4,Sítio,ST,,2019/05/10
20250,Mares 6,TO1713205BAST00055,Sem localidade,,3,Bem Arqueológico,BA,286,Sem classificação,4,Sítio,ST,,2019/05/10
20251,Mares 3,TO1713205BAST00056,Sem localidade,,3,Bem Arqueológico,BA,286,Sem classificação,4,Sítio,ST,,2019/05/10
20252,Mares 4,TO1713205BAST00057,Sem localidade,,3,Bem Arqueológico,BA,286,Sem classificação,4,Sítio,ST,,2019/05/10
20389,Betel,TO1721000BAST00089,Fazenda Betel,,3,Bem Arqueológico,BA,286,Sem classificação,4,Sítio,ST,,2019/05/10
20390,Fazenda Nossa Senhora do Socorro,TO1715754BAST00009,UHE São Salvador,,3,Bem Arqueológico,BA,286,Sem classificação,4,Sítio,ST,,2019/05/10
20391,Curral,TO1715754BAST00010,UHE São Salvador,,3,Bem Arqueológico,BA,286,Sem classificação,4,Sítio,ST,,2019/05/10
20392,Fazenda Barreinho 2,TO1715754BAST00011,UHE São Salvador,,3,Bem Arqueológico,BA,286,Sem classificação,4,Sítio,ST,,2019/05/10
20393,Fazenda Bananal 2,TO1715754BAST00012,UHE São Salvador,,3,Bem Arqueológico,BA,286,Sem classificação,4,Sítio,ST,,2019/05/10
20394,Rosário,TO1715754BAST00013,Fazenda Rosário,,3,Bem Arqueológico,BA,286,Sem classificação,4,Sítio,ST,,2019/05/10
20395,Vala/Muro,TO1715754BAST00014,UHE São Salvador,,3,Bem Arqueológico,BA,286,Sem classificação,4,Sítio,ST,,2019/05/10
20396,Fazenda Custódio,TO1715754BAST00015,Fazenda Custódio,,3,Bem Arqueológico,BA,286,Sem classificação,4,Sítio,ST,,2019/05/10
20542,Sítio Serra Alegre - Torre 405 à 406 (ex Valdivina),TO1713205BAST00058,Fazenda Serra Alegre,,3,Bem Arqueológico,BA,286,Sem classificação,4,Sítio,ST,,2019/05/10
12231,Pouso Alto,TO1715507BAST00001,Fazenda Pouso Alto,,3,Bem Arqueológico,BA,286,Sem classificação,4,Sítio,ST,,2019/05/10
20637,Manoel Alves 6,TO1718006BAST00001,"Área a jusante da barragem Manoel Alves, alto vale do rio Manoel Alves",,3,Bem Arqueológico,BA,286,Sem classificação,4,Sítio,ST,,2019/05/10
20638,Manoel Alves 7,TO1718006BAST00002,"Área a jusante da barragem Manoel Alves, alto vale do rio Manoel Alves",,3,Bem Arqueológico,BA,286,Sem classificação,4,Sítio,ST,,2019/05/10
20641,Sítio Alto da Ilha,TO1706506BAST00023,Ilha dos Campos,,3,Bem Arqueológico,BA,286,Sem classificação,4,Sítio,ST,,2019/05/10
20642,Sítio dos Campos,TO1706506BAST00024,Ilha dos Campos,,3,Bem Arqueológico,BA,286,Sem classificação,4,Sítio,ST,,2019/05/10
20649,Sítio Paredão da Morte,TO1706506BAST00025,Ilha dos Campos,,3,Bem Arqueológico,BA,286,Sem classificação,4,Sítio,ST,,2019/05/10
20650,Sítio do Bico,TO1706506BAST00026,Ilha dos Campos,,3,Bem Arqueológico,BA,286,Sem classificação,4,Sítio,ST,,2019/05/10
20652,Sítio Curicaca III,TO1713809BAST00025,Sem localidade,,3,Bem Arqueológico,BA,286,Sem classificação,4,Sítio,ST,,2019/05/10
20653,KÊN GÔ KAGÁ,TO1721208BAST00001,Na rodovia transmazônia rumo luzinópolis ponte do ribeirão mumbuca,,3,Bem Arqueológico,BA,286,Sem classificação,4,Sítio,ST,,2019/05/10
20671,Sítio Arqueológico Fazenda Monte Verde 01,TO1703107BAST00001,Sem localidade,,3,Bem Arqueológico,BA,286,Sem classificação,4,Sítio,ST,,2019/05/10
20679,Mangues I,TO1718204BAST00044,Fazenda Aurora,,3,Bem Arqueológico,BA,286,Sem classificação,4,Sítio,ST,,2019/05/10
20720,Apinajé 5,TO1720499BAST00006,Apinajés,,3,Bem Arqueológico,BA,286,Sem classificação,4,Sítio,ST,,2019/05/10
20733,Funilinho,TO1713205BAST00059,Cachoeira no caminho entre a Vila do Lajeadinho e Miracema do Tocantins,,3,Bem Arqueológico,BA,286,Sem classificação,4,Sítio,ST,,2019/05/10
20734,Serra do Carmo 1,TO1721000BAST00090,"Bacia do Tocantins, Fazenda Brejo Redondo",,3,Bem Arqueológico,BA,286,Sem classificação,4,Sítio,ST,,2019/05/10
20735,Serra do Carmo 2,TO1721000BAST00091,Pequeno abrigo no morro onde está Serra do Carmo 1,,3,Bem Arqueológico,BA,286,Sem classificação,4,Sítio,ST,,2019/05/10
22096,Torre 1103-1,TO1708205BAST00003,Sem localidade,,3,Bem Arqueológico,BA,286,Sem classificação,4,Sítio,ST,,2019/06/26
22104,Água Boa,TO1717503BAST00002,"Está implantado no topo de uma suave colina, ao lado de uma mata
preservada que fica inund...",,3,Bem Arqueológico,BA,286,Sem classificação,4,Sítio,ST,,2019/06/26
22105,Cemitério Floresta,TO1717503BAST00003,Sem localidade,,3,Bem Arqueológico,BA,286,Sem classificação,4,Sítio,ST,,2019/06/26
22106,Floresta 1,TO1717503BAST00004,Sem localidade,,3,Bem Arqueológico,BA,286,Sem classificação,4,Sítio,ST,,2019/06/26
22107,Floresta 2,TO1717503BAST00005,Sem localidade,,3,Bem Arqueológico,BA,286,Sem classificação,4,Sítio,ST,,2019/06/26
22108,Muralha,TO1717503BAST00006,Sem localidade,,3,Bem Arqueológico,BA,286,Sem classificação,4,Sítio,ST,,2019/06/26
22109,Piauzinho 1,TO1717503BAST00007,"Setor Piauzinho, Córrego Piauzinho",,3,Bem Arqueológico,BA,286,Sem classificação,4,Sítio,ST,,2019/06/26
22110,Piauzinho 2,TO1717503BAST00008,Setor Piauzinho,,3,Bem Arqueológico,BA,286,Sem classificação,4,Sítio,ST,,2019/06/26
22111,Pinto,TO1717503BAST00009,Sem localidade,,3,Bem Arqueológico,BA,286,Sem classificação,4,Sítio,ST,,2019/06/26
22112,Pium 1,TO1717503BAST00010,As?ociaç?o Provi,,3,Bem Arqueológico,BA,286,Sem classificação,4,Sítio,ST,,2019/06/26
22113,Pium 2,TO1717503BAST00011,Sem localidade,,3,Bem Arqueológico,BA,286,Sem classificação,4,Sítio,ST,,2019/06/26
22114,Pium 3,TO1717503BAST00012,Sem localidade,,3,Bem Arqueológico,BA,286,Sem classificação,4,Sítio,ST,,2019/06/26
22115,Pium 4,TO1717503BAST00013,Sem localidade,,3,Bem Arqueológico,BA,286,Sem classificação,4,Sítio,ST,,2019/06/26
22126,Sítio Arqueológico Fazenda Babailônia 5,TO1707306BAST00009,Fazenda Babilônia,,3,Bem Arqueológico,BA,286,Sem classificação,4,Sítio,ST,,2019/06/26
22127,Sítio Arqueológico Rancho Grande,TO1707306BAST00010,Fazenda Rancho Grande,,3,Bem Arqueológico,BA,286,Sem classificação,4,Sítio,ST,,2019/06/26
22165,Torre 1093/2,TO1703867BAST00001,Sem localidade,,3,Bem Arqueológico,BA,286,Sem classificação,4,Sítio,ST,,2019/06/26
22166,Torre 1097-2,TO1703867BAST00002,Sem localidade,,3,Bem Arqueológico,BA,286,Sem classificação,4,Sítio,ST,,2019/06/26
22213,Casa Abandonada,TO1718709BAST00009,Fazenda Cachoeirinha,,3,Bem Arqueológico,BA,286,Sem classificação,4,Sítio,ST,,2019/06/26
22220,ponto da serra 2,TO1721000BAST00092,Sem localidade,,3,Bem Arqueológico,BA,286,Sem classificação,4,Sítio,ST,,2019/06/26
29904,Quero-Quero 1,TO1700350BAST00004,Fazenda Quero-Quero,,3,Bem Arqueológico,BA,41,Pré-colonial,4,Sítio,ST,"Quero-Quero 1, localizado(a) no estado de Tocantins, cidade(s) de Aliança do Tocantins, é um Bem Arqueológico, do tipo Sítio.
Sítio cerâmico a céu aberto.",2020/08/21
7144,CORG 11 Materialidade In Situ,TO1709005BAST00001,Sem localidade,,3,Bem Arqueológico,BA,286,Sem classificação,4,Sítio,ST,,2019/05/10
7148,CORG 16 Materialidade In Situ,TO1709005BAST00005,Sem localidade,,3,Bem Arqueológico,BA,286,Sem classificação,4,Sítio,ST,,2019/05/10
7196,CORG 09 Materialidade In Situ,TO1715705BAST00009,Sem localidade,,3,Bem Arqueológico,BA,286,Sem classificação,4,Sítio,ST,,2019/05/10
